"날짜","미국 수익 ($)","일본 수익 ($)","독일 수익 ($)","프랑스 수익 ($)","대한민국 수익 ($)","이탈리아 수익 ($)","멕시코 수익 ($)","브라질 수익 ($)","스페인 수익 ($)"
"2025-01-01","462906.13","161744.38","100274.54","68813.02","137241.38","51674.84","69914","40621.23","29291.64"
"2025-01-02","828688.74","136084.39","197282.48","153032.88","148733.53","135054.73","120545.23","106463.11","112076.63"
"2025-01-03","887484.16","191676.55","196721.48","158083.89","126673","110418.1","86235.48","63822.79","92154.84"
"2025-01-04","604475.34","154752.25","183238.32","131463.03","110723.77","85760.02","101137.86","50271.99","60240.89"
"2025-01-05","493664.63","119244.71","198079.04","89291.48","87841.51","65902.69","70771.96","41943.42","53408.33"
"2025-01-06","350782.02","107606.87","162842.93","74407.56","83460.83","69216.82","153880.91","30919.09","74764.26"
"2025-01-07","286891.23","108778.97","135753.36","76205.71","102278.02","55291.03","83468.49","32170.95","61712.08"
"2025-01-08","303521.52","97182.77","98339.17","69482.05","86793.46","40915.82","49862.69","35672.01","44141.15"
"2025-01-09","335497.55","89166.23","80601.45","67152.58","76940.53","38363.43","60162.28","31898.95","43073.77"
"2025-01-10","413340.71","104573.8","101960.81","70553.13","76108.99","47258.5","69862.87","36805.76","47849.44"
"2025-01-11","391162.16","100142.09","102625.12","72717.94","74236.88","41854.29","61296.5","34667.35","38977.4"
"2025-01-12","317922.02","101413.28","100285.59","62033.86","64882.73","35661.65","58332.7","35936.39","36076.5"
"2025-01-13","229905.31","85130.8","71358.82","46932.91","56131.64","25734.74","37534.31","29190.21","25558.66"
"2025-01-14","232763.54","65994.56","71873.63","50835.9","54662.7","26652.35","32615.54","31085.62","23091.12"
"2025-01-15","202589.46","71693.09","71770.68","52109.36","55637.19","30906.6","29433.02","31314.27","22482.09"
"2025-01-16","212375.37","74402.88","71604.75","54111.19","59690.7","28953.31","24610.55","31179.67","20431.64"
"2025-01-17","318338.11","73623.77","84234.08","47515","58880.74","34036.63","36683.68","33895.61","22572.37"
"2025-01-18","325707.38","83543.31","82920.29","56042.15","59789.81","33020.66","32050.17","30325.88","21431.87"
"2025-01-19","323486.57","77018.08","74152.43","67110.8","50341.57","28747.34","27455.56","25617.64","19577.03"
"2025-01-20","273066.83","69408.97","60821.6","47567.75","55580.64","25230.43","26288.32","29433.8","17198.76"
"2025-01-21","209227.63","64401.62","61029.44","44303.35","49767.38","25667.69","22171.74","28100.46","17234.36"
"2025-01-22","187528.01","59942.66","61166.82","52190.99","45381.95","24899.78","23947.35","25010.83","16508.47"
"2025-01-23","211877.64","63218.57","66212.29","51074.2","51746.39","27245.93","23750.52","30421.35","21439.07"
"2025-01-24","263399","90767.7","81098.4","51121.81","67590.73","36243.4","29839.39","34802.71","24561.02"
"2025-01-25","339711.38","104235.81","90529.35","68744.81","63901.27","37716.88","36799.59","37881.74","29212.46"
"2025-01-26","331454.4","100472.51","84970.32","63360.1","66178.56","36463.09","41361.2","36181.89","27767.84"
"2025-01-27","267847.33","93071.21","71460.8","52598.47","79867.76","30610.06","33589.19","31073","25077.39"
"2025-01-28","216334.33","111296.63","68786.89","49192.76","88224.79","28341.59","33220.86","29835.41","20306.93"
"2025-01-29","242078.33","87645.53","72465.26","50157.05","111499.87","27118.02","36192.93","31806.54","20658.29"
"2025-01-30","331006.01","91012.78","91512.47","58237.04","113131.92","29765.32","39094.5","37264.57","22766.76"
"2025-01-31","409587.61","148782.29","107862.81","57096.36","143279.17","30192.17","34904.12","37803.29","23732.32"
"2025-02-01","368102.87","220913.1","116346.4","67205.29","140919.23","36737.12","36501.13","41265.34","23035.74"
"2025-02-02","314259.97","118367.35","89352.88","71061.94","104043.75","28822.69","29998.13","37822.56","23186.82"
"2025-02-03","207798.2","81033.66","73080.73","46728.43","73944.82","24367.56","25790.86","25618.02","16495.23"
"2025-02-04","180791.35","65032.81","66094","44878.08","56159.84","23365.79","20270.55","26212.41","17536.78"
"2025-02-05","237965.3","52075.81","67693.33","48085.25","54929.25","24261.26","22820.24","29256.3","18313.83"
"2025-02-06","650349.55","188501.2","135345.19","111056.54","110884.24","70620.5","58812.49","49374.66","62723.66"
"2025-02-07","666582.61","240688.42","160310.53","119979.29","122643.99","62805.45","74732.79","47915.94","44683.56"
"2025-02-08","547236.07","178746.11","142102.48","139448.97","108530.11","56401.91","66868.65","45226.67","40375.71"
"2025-02-09","380542.58","146957.43","111262.51","100378.47","80365.47","38297.57","66745.54","38191.12","30994.48"
"2025-02-10","353853.63","123631.3","105692.9","79670.97","87838.4","38314.3","51581.51","31717.25","29383.71"
"2025-02-11","280967.31","108294.01","92016.5","66934.06","84132.39","30905.73","38608.51","31360.05","25249.71"
"2025-02-12","225986.89","86325.02","83703.05","59132.61","69082.59","28934.57","45080.66","30646.57","20605.07"
"2025-02-13","234695.95","70933.07","76704.01","57316.23","56381.13","28766.54","49265.38","29871.95","18585.57"
"2025-02-14","302972.49","76842.07","75903.32","54325.3","58707.84","29697.23","46549.52","32850.55","19177.42"
"2025-02-15","321476.21","84855.6","76702.16","63496.83","55904.7","31243.19","53981.66","39436.52","17054.51"
"2025-02-16","242128.89","72867.01","64341.13","55265.57","46501.01","25758.85","44074.86","31719.06","15162.84"
"2025-02-17","205744.31","70787.93","50629.44","46834.41","38387.33","21298.46","32881.23","23252.04","13219.95"
"2025-02-18","162343.58","42168.4","45133.67","39475.02","34944.05","19364.26","25924.18","21362.02","10917.83"
"2025-02-19","176523.27","51843.59","48343.67","37034.44","34496.83","20242.61","29662.74","23145.15","12307.34"
"2025-02-20","294199.83","61606.67","55857.12","40691.2","48656.52","21761.07","31155.96","24971.47","14495.78"
"2025-02-21","298219.54","111309.85","74871.04","49362.07","54824.07","24990.14","39227.21","26845.76","16635.31"
"2025-02-22","258355.07","114232.18","69671","56040.99","50715.52","26955.47","47101.57","28791.07","19625"
"2025-02-23","243622.66","93395.3","65388.16","53402.55","46740.26","23202.89","48579","26402.96","18826.34"
"2025-02-24","224567.37","71954.94","53007.31","53368.78","47269.38","21822.65","50937.46","22464.83","19127.1"
"2025-02-25","752165.38","137253.26","130914.72","139353.73","97692.4","67693.98","57729.41","47264.44","73484.1"
"2025-02-26","730504.55","178863.21","144427.38","187503.97","110236.07","55763.91","59059.37","36719.03","49859.39"
"2025-02-27","618251.17","165371.86","142295.46","102852.17","99770.51","46364.13","59143.15","35668.5","42197.39"
"2025-02-28","712214.16","165375.26","158099.28","128630.67","133213.42","52138.23","49550.43","43339.5","38010.68"
"2025-03-01","635522.73","255630.99","143293.24","139398.42","131632.76","50124.56","53714.07","41544.4","32217.17"
"2025-03-02","496391.34","141051.97","144033.62","109559.36","102016.64","44227.86","53805.31","36673.93","35289.7"
"2025-03-03","356218.37","117630.27","114897.24","91566.48","93707.41","39685.74","40962.52","34393.88","32869.76"
"2025-03-04","313751.05","82965.93","84583.03","72181.55","62112.45","31551.07","31930.27","33472.76","22727.67"
"2025-03-05","316328.59","95066.23","92030.2","88509.55","56777.68","32787.65","45778.44","33423.58","25826.45"
"2025-03-06","775544.36","179790.23","178258.19","172521.35","97786.6","111257.21","89249.19","60944.76","101416.56"
"2025-03-07","716470.94","282704.62","170344.88","155368.3","107160.32","68630.49","81482.44","55055.66","70475.66"
"2025-03-08","706175.23","275722.46","156242.95","143152.9","93514.29","49589.07","80984.87","46111","58741.23"
"2025-03-09","503041.41","145936.23","154208.69","164588.07","76884.65","46993.98","73968.51","38629.31","50677.84"
"2025-03-10","351182.54","121227.67","131623.19","96834.12","74219.06","47491.48","56218.38","30252.61","44030.23"
"2025-03-11","256378.56","107051.01","117284.22","82401.14","63533.44","39217.62","42714.78","28796.3","40742.24"
"2025-03-12","250686.92","119698.23","128951.4","81705.78","63445.77","43021.19","45588.69","27374.69","37802.14"
"2025-03-13","336584.8","102090.78","92588.08","70026.42","62614.49","32973.09","42889.64","28969.28","30693.39"
"2025-03-14","389856.82","166611.02","90384.13","65337.4","61502.93","38197.29","40444.1","33753.33","26941.43"
"2025-03-15","337692.86","136776.36","91096.61","72653.71","57188.18","37718.19","39913.8","34195.94","22767.2"
"2025-03-16","344926.26","115945.36","80881.78","70085.53","53625.22","30805.75","33045.03","33153.89","20987.9"
"2025-03-17","271315.68","91599.98","70134.29","56669.5","39796.01","28064.54","29869.36","27631.52","20393.24"
"2025-03-18","222403.52","77983.11","68269.19","49320.13","39482.51","28981.57","22520.5","27555.5","20176.96"
"2025-03-19","239998.46","92495.59","61666.46","41330.83","37912.19","24896.04","21619.21","25102.12","18777.25"
"2025-03-20","249364.78","88420.84","60564.82","47247.16","42520.2","23894.12","34584.92","25926.51","18467.72"
"2025-03-21","319141.74","92843.8","68490.72","53698.94","48170.14","28239.4","31880.66","28519.83","19755.01"
"2025-03-22","350323.2","111207.68","76827.18","62256.16","49573.29","32813.36","39963.63","34189.76","28012.1"
"2025-03-23","288453.96","119121.79","76761.95","60242.42","47063.15","26221.42","32648.57","31002.7","23009.83"
"2025-03-24","362087.17","105700.88","64318.98","54647.05","44948.43","25985.46","28291.48","27792.58","20437.25"
"2025-03-25","304859.48","137534.33","63747.74","49600.2","46962.48","24906.73","24078.38","26453.23","20216.24"
"2025-03-26","259176.55","101402.16","61051.63","40478.29","43613.2","23030.21","25111.66","25081.93","16629.57"
"2025-03-27","428612.47","116340.24","79645.73","68162.5","52186.76","25981.12","34794.21","27560.63","20629.49"
"2025-03-28","393276.66","129587.29","89201.31","65299.57","60058.08","31121.27","37287.09","27608.39","20958.28"
"2025-03-29","395644.72","114357.24","94111.35","73769.44","56029.8","32041.85","50455.88","35687.35","22716.73"
"2025-03-30","326699.24","95556.54","83505.93","75100.49","46610","26361.22","49560.63","33781.59","21056.85"
"2025-03-31","283959.51","100851.54","69047.75","58127.84","48406.37","25072.91","28835.09","24518.24","18805.84"
"2025-04-01","261815.19","148272.17","71827.46","62603.57","61138.5","28897.89","29621.69","27483.51","20566.45"
"2025-04-02","255287.62","86244.64","56896.93","47303.9","49138.9","21686.79","37152.85","29072.35","18592.89"
"2025-04-03","623842.32","121742.88","106996.12","98947.71","72639.29","49884.83","78800.58","44555.62","43658.81"
"2025-04-04","594559.67","245089.09","121357.1","119481.68","76100.72","46094.25","53107.37","39429.33","42478.08"
"2025-04-05","402105.99","152467.4","115433.61","119257.03","68756.14","43235.56","61106.99","39746.62","35170.74"
"2025-04-06","308017.24","125028.99","128733.73","109692.69","58285.34","37493.08","59382.98","36771.1","28801.42"
"2025-04-07","252657.25","102098.98","87928.31","66140.43","49492.5","26334.35","46826.33","30024.53","22839.2"
"2025-04-08","243150.94","93029.71","90845.04","69296.88","43602.29","26753.63","38019.65","26227.25","20900.17"
"2025-04-09","201131.56","85675.93","96455.41","66815.26","46217.93","26272.38","44721.26","26398.63","18665.19"
"2025-04-10","227679.8","93901.09","62874.65","51813.97","42837.35","23066.95","26929.97","25966.64","17331.99"
"2025-04-11","322730.5","90863.87","69203.18","59095.38","49415.17","26605.93","22231.01","27789.43","21089.33"
"2025-04-12","298249.64","114333.48","68760.32","69758.92","51185.24","24943.14","29482.32","28946.84","23876.55"
"2025-04-13","264758.1","105934.28","64172.73","78127.58","41506.7","23993.29","24393.78","27286.92","18389.14"
"2025-04-14","200161.95","100294.88","56008.43","51464.96","37707.96","18992.39","20312.5","23294.68","14605.16"
"2025-04-15","171795.25","87407.38","60714.54","50459.4","34093.56","17431.13","19175.04","22520.37","15100.8"
"2025-04-16","182941.06","75575.25","61155.57","42067.75","33122.14","16756.27","22437.21","20655.19","13288.98"
"2025-04-17","177442.81","56970.37","65474.24","45914.21","33732.75","17994.28","23748.34","22999.87","13650"
"2025-04-18","281957.3","75449.61","87290.88","54816.27","37704.23","21858.03","24622.56","31962.39","16132.46"
"2025-04-19","269312.02","101799.82","85267.65","56863.22","44566.12","22531.67","26536","28351.64","19131.71"
"2025-04-20","353347.83","106723.96","92010.96","63759.75","40444.45","23015.17","25918.58","25992.97","18701.8"
"2025-04-21","250445.17","84740.31","87073.06","56841.89","31702.86","20392.58","20929.09","24938.51","15837.19"
"2025-04-22","184615.96","74331.39","64335.39","47657.96","32071.25","18838.44","18386.49","19815.98","15218.85"
"2025-04-23","169105.75","78943.63","73216.76","44896.42","30733.43","21308.21","19648.28","21603.4","15056.6"
"2025-04-24","303311.87","94328.98","84331.09","54532.69","45165.58","28521.72","24743.65","22811.17","17969"
"2025-04-25","341838.49","114283.75","99137.42","65127.29","47678.7","30177.39","27210.46","26129.03","18996.63"
"2025-04-26","277351.2","92859.23","83924.67","64335.68","48868.38","29871.14","29426.84","25866.99","20739.65"
"2025-04-27","259055.55","107827.42","82545.4","62261.35","41455.61","25154.77","26971.16","24739.69","22690.1"
"2025-04-28","240895.89","104612.91","75399.32","53949.4","40235.21","24216.94","25069","25139.79","12879"
"2025-04-29","201262.55","117901.92","74197.84","49083.06","36686.57","19204.7","23414.3","24220.32","17315.38"
"2025-04-30","266919.58","95175.88","75061.72","51470.34","53905.1","22707.87","37970.26","26527.5","19453.31"
"2025-05-01","907815.52","229277.25","182198.24","185297.29","159257.05","80744.95","77003.28","100007.29","58563.08"
"2025-05-02","903858.41","309729.03","220636.08","149024.03","159534.49","75017.16","81685.81","58327.91","76739.58"
"2025-05-03","895909.32","255426.79","214314.88","151044.74","140340.74","60973.38","80810.73","42704.01","51884.15"
"2025-05-04","769108.34","149447.46","198578.09","137849.46","102650.91","54367.61","65231.16","36275.82","49491.07"
"2025-05-05","672045.52","148282.63","155713.9","118042.23","116116.08","57509.04","48362.31","32528.68","43885.48"
"2025-05-06","528530.24","155678.37","138553.6","106883.02","109977.12","42206.49","42580.72","32574.48","39984.34"
"2025-05-07","318527.21","150878.8","158420.55","106058.25","115769.98","42376.04","48127.68","34199.44","28890.01"
"2025-05-08","322182.02","116803.24","126621.36","99800.17","91908.27","38027.3","54837.68","35446.79","28150.88"
"2025-05-09","420953.99","112857.85","105908.17","109760.43","104290","46168.53","53623.44","36565.01","32156.02"
"2025-05-10","348611.91","125405.53","110128.61","93896.54","85842.84","51113.24","67820.78","37809.77","32633.48"
"2025-05-11","361522.74","134506.91","115497.16","104176.24","70243.98","43294.59","71633.89","35783.79","31890.81"
"2025-05-12","365087.21","100961.85","87031.72","73588.18","67398.33","33476.93","44811.6","32419.17","26552.56"
"2025-05-13","257450.1","99946.88","83288.11","75514.96","62203.86","36978.05","39786.26","27620.03","24811.26"
"2025-05-14","244097.13","102590.79","72590.32","62697.49","47126.5","31114.9","50202.83","27442.26","23768.34"
"2025-05-15","270316.3","113105.94","76449.59","57205.4","59653.23","35958.29","37459.92","30574.8","26249.93"
"2025-05-16","387840.96","144984.57","84383.01","65979.57","62906.79","48734.28","33949.18","29987.06","23869.8"
"2025-05-17","304593.79","105433.24","90570.96","67971.99","53888.27","41292.27","32528.81","30408.49","24404.9"
"2025-05-18","273535.11","119866.4","87573.36","87765.18","49473.16","29128.54","30792.16","28607.59","23697.75"
"2025-05-19","227781.88","130703.44","67672.09","51460.6","42429.98","27768.97","22558.53","23958.31","20651.58"
"2025-05-20","231002.17","105426.01","58352.19","51317.81","44089.92","32135.64","21297.11","25718.87","21216.32"
"2025-05-21","232109.8","103277.5","63034.27","55686.38","48376.41","30937.14","24569.97","22651.45","20057.49"
"2025-05-22","230879.92","94959.01","70272.89","58454.93","42281.55","26411.52","25980.49","21591.75","20297.73"
"2025-05-23","331392.01","88861.47","86458.14","66610.61","54106.07","30683.42","29129.81","25817.76","22907.24"
"2025-05-24","284388.23","108810.93","80885.44","60522.62","54476.54","34575.25","33225.83","27481.8","26590.67"
"2025-05-25","265310.06","124097.07","86416.93","72402.67","47406.89","31438.19","33164.67","26163.37","25678.03"
"2025-05-26","223596.21","79290.34","66084.82","55717.65","41317.67","26083.41","24893.44","22752.31","21289.8"
"2025-05-27","164398.73","89583.83","72981.33","60881.41","37501.37","23143.28","25767.79","23834.6","21838.07"
"2025-05-28","370766.96","130345.2","116465.94","100241.32","66374.78","30096.77","37572.28","30665.96","30248.68"
"2025-05-29","345043.49","135827.26","125949.07","100174.01","73752.76","34203.56","57129.63","29999.96","30399.22"
"2025-05-30","323459.82","159722.81","127605.82","101161.37","59191.64","37894.04","54432.7","32303.22","25681.81"
"2025-05-31","248998.74","104738.87","108388.31","72679.77","69199.48","29803.51","43410.31","30809.69","22914.38"
"2025-06-01","233060.83","149881.63","88426.64","74806.72","68699.71","30377.42","48334.04","29396.8","23381.62"
"2025-06-02","199421.03","62097.96","63420.36","48917.57","49046.63","20528.63","31278.35","24362.34","17236.24"
"2025-06-03","170047.23","59540.84","64747.33","47434.76","37899.87","17642.55","20007.72","21475.64","18442.55"
"2025-06-04","166529.6","53030.04","50142.81","48363.54","31347.41","18068.53","22680.56","25045.37","15269.71"
"2025-06-05","462997.99","133238.47","109469.6","131996.4","66618.52","71384.19","48689.49","40884.62","39521.57"
"2025-06-06","496369.87","266480.46","152004.14","154560.04","68054.87","84296.51","37595.44","44817.01","42486.05"
"2025-06-07","330053.11","183841.92","124223.24","133479.77","62987.62","54345.73","38154.74","41098.5","37298.57"
"2025-06-08","262227.94","129774.04","106939.87","135373.34","48173.9","42652.96","40061.39","35913.99","38157.62"
"2025-06-09","242744.92","117134.5","89172.3","85445.86","45762.15","32027.19","31491.29","31970.01","27137.87"
"2025-06-10","197075.65","105666.62","101035.11","74343.68","46714.92","33953.69","32854.35","26834","28621.1"
"2025-06-11","176674.21","91936.05","116307.77","72975.3","44965.93","33248.01","38260.82","25943.08","25214.77"
"2025-06-12","219226.5","84223.9","101176.23","62166.65","48028.76","31877.15","35233.55","26077.7","24041.39"
"2025-06-13","215200.97","87461.4","86058.66","65843.04","35833.91","33625.3","26294.33","24775.55","25968.1"
"2025-06-14","192696.09","90800.64","85938.24","69480.46","35210.21","32813.3","25070.34","24118.07","18717.96"
"2025-06-15","199799.1","98789.44","80393.3","65932.41","29509.46","25600.38","27128.45","24008.39","15942.79"
"2025-06-16","163370.58","81719.24","52375.29","40422.87","21636.29","18297.4","19088.74","18576.15","14054.8"
"2025-06-17","123053.6","71922.89","55751.41","46102.66","21341.16","22335.25","19288.6","18161.25","14757"
"2025-06-18","142828.39","74563.74","54562.57","39986.27","22810.33","21442.33","19680.73","19091.64","12777.86"
"2025-06-19","143184.97","63437.1","62820.76","37593.57","24225.72","18675.76","18522.06","22790.22","12200.51"
"2025-06-20","150182.81","63324.99","67221.97","48402.86","25003.16","21612.09","20514.61","22997.58","13889.12"
"2025-06-21","188898.88","77653.85","61693.35","46141.34","30973.48","24208.64","22857.64","25059.07","16806.21"
"2025-06-22","167507.45","100951.45","64583.14","58895.04","28762.78","24177.95","26807.86","23741.07","18434.58"
"2025-06-23","176069.07","89066.82","56297.08","41672.22","23447.31","20530.55","17401.72","19991.71","14484.04"
"2025-06-24","220608.02","105497.45","57709.71","69756.44","30176.27","25573.01","18317.92","24476.71","23255.37"
"2025-06-25","289828.12","138713.81","69718.69","82281.82","41344.39","31165.07","23543.1","27775.05","28428.46"
"2025-06-26","320295.86","122538.69","69163.79","69080.33","49557.73","34622.85","39880.15","30500.52","30555.78"
"2025-06-27","410145.33","134606.28","91351.1","79762.33","39816.56","38417.42","46053.7","33795.37","30097.67"
"2025-06-28","276590.84","137034.06","78328.56","65925.34","41928.55","32619.81","52743.78","33211.94","27307.18"
"2025-06-29","223753.08","134149.28","69039.26","68002.54","37346.9","30023.48","55382.83","29468.56","26138"
"2025-06-30","180731.05","80372.75","63981.98","46579.76","37490.84","21737.25","36628.69","27105.49","20210.42"
"2025-07-01","192693.35","138983.61","58143.12","56200.05","36211.72","26772.74","33664.42","28632.48","21492.19"
"2025-07-02","176791.47","78381.64","53603.76","57621.24","29723.04","24527.09","37803.57","30301.19","18820.2"
"2025-07-03","458593.41","149331.09","146377.82","160809.13","70466.62","60569.29","47614.11","40793.56","47308.95"
"2025-07-04","445891.4","213129.05","145208.8","157566.18","70921.19","59361.11","50266.35","39273.04","40490.8"
"2025-07-05","306997.79","184270.34","99054.63","124498.85","59413.07","48478.61","47766.83","36986.89","37249.97"
"2025-07-06","309338.97","155758.01","106412.2","130806.7","51090.32","41038.46","54500.8","35226.91","33992.45"
"2025-07-07","242145.54","106762.03","63368.78","80087.64","40845.16","29814.68","33785.45","29469.3","30361.29"
"2025-07-08","221723.91","103295.58","71609.4","78259.14","37285.65","32754.93","32033.49","28926.48","26581.65"
"2025-07-09","180115.03","103913.74","72992.91","63109.26","41455.01","32255.29","31051.85","28250.32","19745.4"
"2025-07-10","168245.38","114051.86","60444.35","48375.59","40706.32","26804.74","25554.83","24665.22","17237.94"
"2025-07-11","178696.06","95419.26","64782.67","53647.8","34454.83","27002.4","29057.08","25034.23","17609.26"
"2025-07-12","154075.91","102163.56","66314.46","49343.89","32078.61","23459.6","26264.38","22732.48","19246.12"
"2025-07-13","151500.29","97285.41","66511.6","48744.17","29611.6","21940.49","25028.89","22469.88","17852.38"
"2025-07-14","128755.5","81019.88","50106.08","43526.83","23338.66","19001.37","19624.73","20445.41","13315.41"
"2025-07-15","127245.86","74762.57","50928.15","38693.77","23614.17","21246.98","18443.83","20824.88","16064.81"
"2025-07-16","142677.55","67930.97","39624.39","43627.96","22658.73","19495.41","20607.37","22260.91","13889.86"
"2025-07-17","484335.95","89251.41","92009.94","92617.18","53224.72","44785.15","25294.7","27073.33","27143.84"
"2025-07-18","394713.07","152900.05","105496.2","102214.17","62317.19","45728.76","28785.09","28776.83","33861.55"
"2025-07-19","282356.69","151013.86","71262.46","94301.89","54015.66","34217.63","32004.32","27119.8","28738.22"
"2025-07-20","230221.68","112755.19","70947.8","82671.63","48735.59","32941.85","29991.06","24695.22","27192.18"
"2025-07-21","166127.56","115073.18","58196.94","53384.26","38679.8","27789.14","25019.71","22021.59","21930.17"
"2025-07-22","193351.7","100330.3","53230.29","50878.72","32485.06","26306.52","22892.09","22157.87","21557.71"
"2025-07-23","175569.99","95336.88","55525.15","54143.64","27851.73","24600.78","24313.99","21505.15","18846.9"
"2025-07-24","230321.97","96046.32","59173.62","53094.69","41172.28","28287.08","22255.25","22500.73","20400.57"
"2025-07-25","205622.21","146584.08","68658.44","60001.44","38934.81","33722.76","25776.8","22162.53","20218.83"
"2025-07-26","161540.19","93433.37","68088.47","62337.3","36895.99","27519.82","26234.91","21995.19","19542.67"
"2025-07-27","179278.5","100577.17","63438.72","57376.75","31583.89","25164.32","25194.54","21523.72","18743.69"
"2025-07-28","159877.82","92329.2","50037.3","37762.35","27247.03","20029.82","19662.6","19809.49","14561.82"
"2025-07-29","155315.28","95913.64","62512.79","48459.64","26809.15","23913.72","18755.59","18703.39","17607.34"
"2025-07-30","147090.44","104545.35","47976.81","45830.5","26479.65","21660.49","20593.92","19770.72","17442.15"
"2025-07-31","172467.1","115178.61","63859.86","46561.88","43044.13","23637.68","20417.35","20636.1","17040.48"
"2025-08-01","168412.77","238991.79","69677.79","57590.88","46280.88","27120.67","22211.78","23530.46","18503.68"
"2025-08-02","125009.69","84150.02","50441.75","51558.28","31838.28","23402.6","18843.99","21595.65","16369.91"
"2025-08-03","128395.27","72012.13","49057.05","49817.66","29441.02","19235.98","18698.94","20559.44","15589.95"
"2025-08-04","94519.58","66703.43","38940.58","33216.66","26190.33","16516.69","15654.31","17286.4","11991.5"
"2025-08-05","73984.19","69111.93","38152.44","42217.44","23441.49","17043.42","12917.39","17730.9","12572.08"
"2025-08-06","74710.53","64194.81","37747.3","38871.47","22163.86","15085.55","15158.86","20056.94","12326.22"
"2025-08-07","288108.81","116403.1","91412.64","131199.6","51738","46865.04","20323.63","28649.27","33742.6"
"2025-08-08","252937.19","210765.9","97569.61","102929.19","52889.39","45067.83","21302.83","27526.49","32820.48"
"2025-08-09","199842.27","191777.11","67625.64","86608.74","54300.11","32552.38","20759.03","26544.2","26012.64"
"2025-08-10","233063.15","144372.82","72846.84","78880.3","42816.14","26115.84","21365.06","25701.56","28488"
"2025-08-11","183508.49","110750.75","53681.91","50352.85","38256.18","23038.5","19437.03","20153.67","21682.89"
"2025-08-12","178556.02","100511.71","50107.32","55261.05","41603.64","28263.76","17686.06","20109.88","22854.85"
"2025-08-13","156901.99","113674.87","47720.87","53729.64","30427.82","28776.86","20372.43","19420.98","16785.42"
"2025-08-14","149797.19","121070.3","47717.49","52756.99","35469.78","26102.19","17271.74","18539.12","17199.31"
"2025-08-15","196401.54","121083.17","52504.07","54594.51","37936.56","29407.14","20100.69","20788.1","17088.12"
"2025-08-16","195746.82","138463.71","51664.11","56967.01","35174.16","28863.29","23128.41","22124.6","16594.54"
"2025-08-17","162574.01","117617.77","53025.69","54716.22","29821.66","26225.94","25498.73","21430.43","18111.97"
"2025-08-18","164653.17","106510.32","49731.38","46188.4","24872.46","20912.26","18019.49","17127.46","14910.03"
"2025-08-19","149039.33","106097.05","39130.94","42515.22","24714.95","23474.78","17371.64","17332.14","14715.03"
"2025-08-20","140621.02","108204.61","38022.42","48420.35","23061.22","23293.93","18859.04","17017.94","14928.08"
"2025-08-21","221006.52","126998.08","54088.06","59621.74","37960.7","36572.04","19941.22","21922.98","19944.62"
"2025-08-22","275247.56","186509.02","69818.45","99262.26","43552.23","41911.59","19834.53","23145.14","20866.15"
"2025-08-23","195724.12","145068.45","55038.01","60708.47","38337.11","30089.14","24672.19","21043.59","17128.08"
"2025-08-24","187989.21","126253.68","58557.85","54911.27","33884.52","23317.55","22987.08","20450.01","18968.87"
"2025-08-25","173394.65","127167.49","39073.57","41935.9","29499.4","21474.72","14857.51","17359.54","15091.23"
"2025-08-26","160397.14","114392.06","43898.01","46413.5","25355.72","24846.81","14615.85","17337.81","15571.39"
"2025-08-27","127996.52","127482.2","47073.66","49536.91","24756.86","22702.1","15810.98","17360.9","16181.95"
"2025-08-28","129051.61","100232.11","42921.41","37392.82","30165.79","22146.95","17795.9","17832.86","15366.11"
"2025-08-29","150479.52","112811.44","44822.16","48619.22","33622.31","26772.9","17189.22","20537.05","17178.69"
"2025-08-30","148055.38","115252.21","52440.05","51314.39","30768.18","22893.88","20655.98","21712.95","15921.5"
"2025-08-31","164631.93","108689.92","49605.81","49407.31","40734.69","22874.49","20442.71","22229.58","16757.2"
"2025-09-01","154843.63","179825.62","43453.5","40978.17","38736.87","20507.16","16539.97","19941.17","16011.29"
"2025-09-02","74962.7","72862.86","35235.24","38407.7","24428.25","17907.91","13948.7","17853.6","12635.11"
"2025-09-03","104990.23","74479.55","37384.94","38285.52","26567.73","17320.14","19827.59","22446.37","13725.77"
"2025-09-04","263146.71","132673.24","79883.9","75802.77","58069.84","36749.66","24803.55","30511.27","30983.56"
"2025-09-05","312447.81","339537.91","75400.9","100977.38","56699.59","38710.79","32553.45","34330.2","32217.21"
"2025-09-06","235079.36","220499.95","67270.3","74178.88","50566.97","39784.07","55398.99","34186.82","28376.29"
"2025-09-07","204294.46","139693.32","67582.44","67798.24","41923.25","29777.94","73131.51","31076.11","25719.85"
"2025-09-08","180767.82","112681.46","42448.75","38875","38679.18","22473.74","41444.29","24911.61","20656.88"
"2025-09-09","151936.14","102894.13","52648.82","44442.35","36564.02","26507.9","40243.98","22509.52","18938.55"
"2025-09-10","142237.15","118586.16","46210.37","44310","41120.53","23594.21","47119.97","20735.51","18100.13"
"2025-09-11","149956","104219.22","49857.75","46314.7","49646.47","27326.05","44396.07","21911.17","18792.22"
"2025-09-12","152952.4","136531.67","51329.97","44240.68","31233.6","28922.08","22431.26","22154.85","12085.83"
"2025-09-13","141136.42","139948","44072.38","43416.01","32165.78","24971.21","26098.85","23682.97","11789.45"
"2025-09-14","140290.48","113514.52","45084.23","46736.91","26528.95","21537.35","28599.4","23007.31","12936.06"
"2025-09-15","148022.52","103713.39","33132.28","33062.96","22434","16107.68","18062.36","17924.67","9813.26"
"2025-09-16","102822.16","89487.95","35458.57","33320.74","21591.23","17313.7","20138.75","17921.18","10425.29"
"2025-09-17","111094.41","89770.51","31938.82","30294.98","23235.08","15460.56","24461.97","18708.17","9759.99"
"2025-09-18","161663.5","97602.99","37282.05","40650.18","26867.74","18600.84","21286.92","20351.22","10531.57"
"2025-09-19","182408.77","128535.02","45179.98","42912.34","26974.42","21264.78","20420.68","22088.43","11027.78"
"2025-09-20","161103.04","149518.76","40943.61","38342.02","30391.95","20737.95","27287.11","20907.71","13601.73"
"2025-09-21","167177.1","123756.29","42882.39","42957.17","25589.84","18866.05","25731.33","20370.97","12625.53"
"2025-09-22","124812.99","98352.06","34425.15","30285.55","20189.35","15169.28","18412.91","18254.74","9691.48"
"2025-09-23","125099.41","89118.68","35050.47","32724.86","19770.53","17255.87","18414.27","16314.28","9018.34"
"2025-09-24","85951.13","78217.43","27834.97","33560.5","20735.95","15136.36","21429.56","16154.99","8835.34"
"2025-09-25","121067.28","93471.69","30970.15","31287.87","24564.28","12964.47","22349.53","16607.37","7596.86"
"2025-09-26","136287.79","74954.44","48545.93","37929.78","21396.67","15239.72","21445.9","17980","9957.69"
"2025-09-27","136058.36","98239.83","41711.41","43518.27","24392.65","19138.37","29026.5","20918.91","13573.05"
"2025-09-28","138822.79","116931.64","46002","40199.36","25639.31","17867.14","29690.21","19806.23","13578.51"
"2025-09-29","116521.93","112536.13","39141.19","28206.08","20315.41","13141.74","16282.14","16246.3","11150.73"
"2025-09-30","100191.84","104528.05","40035.73","31669.28","26930.8","15858.36","16333.53","17250.06","11501.73"
"2025-10-01","124152","128661.32","49355.22","38010.31","42375.36","18356.82","24784.85","21423.11","11522.06"
"2025-10-02","281742.03","138198.54","88335.73","77114.33","94086.66","41339.48","41223.69","35229.8","29239.81"
"2025-10-03","332523.39","281494.96","89995.88","95400.53","79416.15","46687.25","33481.19","33214.52","32299.69"
"2025-10-04","270962.12","209517.68","67505.29","68571.83","62367.14","36868.12","45219.77","32159.6","27802.73"
"2025-10-05","237437.56","182428.38","58104.2","62957.47","58061.57","31284.97","45019.4","30114.39","26283.7"
"2025-10-06","221979","182409.88","44062.43","39144.26","55646.36","23433.37","29013.72","25690.43","20627.03"
"2025-10-07","183341.25","132734.42","43444.34","46944.48","54448.6","25353.64","27774.98","27375.58","19147.94"
"2025-10-08","167763.85","128706.48","46962.97","44630.48","44523.61","23557.51","32002.8","27423.79","17989.02"
"2025-10-09","145321.32","102408.78","42574.18","35498.39","54816.6","22299.28","30871.13","24030.45","18664.98"
"2025-10-10","204022.95","145674.4","47996.68","41317.96","54695.25","26126.17","35912.34","24137.38","17068.97"
"2025-10-11","156442.28","101922.86","42005.36","38269.72","35419.47","18403.15","25310.8","23605.83","15694"
"2025-10-12","143907.72","103948.84","39063.38","38632.31","35784.5","17807.84","24853.7","25754.03","14058.58"
"2025-10-13","158783.3","127138.49","34895.12","31577.98","27638.03","15200.88","17990.39","22324.38","12510.11"
"2025-10-14","115542.36","158135.75","33616.56","28583.41","26579.82","18178.46","17579.5","19753.55","11561.93"
"2025-10-15","107981.6","114752.15","33696.66","31699.99","26348.28","17602.01","18778.12","19833.33","10854.03"
"2025-10-16","99062.82","82252.14","28571.85","27073.54","28650.84","15780.52","17032.39","18550.29","8593.67"
"2025-10-17","146597.51","103081.93","37658.01","36392.37","28509.38","17555.09","18178.03","20844.11","11518.51"
"2025-10-18","187459.02","146428.52","49741.74","32795.42","44163.67","23981.54","23043.49","23290.46","14019.55"
"2025-10-19","157151.86","132579.27","40038.61","40042.87","36450.97","19877.47","20621.53","20663.58","14013.82"
"2025-10-20","119798.2","108315.68","27888.54","25362.59","26659.58","13431.93","16532.9","17681.88","8964.14"
"2025-10-21","112836.33","89071.02","31424.46","33045.98","27552.47","17765.49","15510.56","17144.08","11194.32"
"2025-10-22","119676.27","91454.78","30191.5","32779.16","26462.4","17742.67","16616","17414.69","9390.94"
"2025-10-23","124605.55","94894.79","29713.59","35579.36","36974.08","17412.22","14714.43","16150.19","9333.68"
"2025-10-24","121530.42","89522.86","32437.41","30138.08","29508.85","17677.05","16901.46","18592.87","10077.87"
"2025-10-25","137964.03","90990.66","34588.45","29742","25101.81","16707.25","21498.01","18259.28","11024.11"
"2025-10-26","121057.33","87123.48","37065.77","31989.43","26683.1","15022.87","22173.06","18331.47","10912.65"
"2025-10-27","117817.99","86532.55","29329.94","22552.02","19604.43","11628.81","15954.13","15555.27","8435.26"
"2025-10-28","136704.99","101344.16","30701.27","32575.3","22836.74","15144.41","15747.35","17327.84","10378.91"
"2025-10-29","131913.59","87012.05","36656.77","39250.22","21692.94","14800.32","17047.34","15975.11","10029.82"
"2025-10-30","164617.27","101533.21","41584.4","39377.98","22942.18","16281.74","17733.97","16064.12","11207.22"
"2025-10-31","154808.45","139214","47269.93","39491.05","37107.58","17249.12","17075.74","19546.39","13375.96"
"2025-11-01","144821.68","222805.98","53517.91","40446","39414.01","20209.1","22202.48","21109.13","14187.6"
"2025-11-02","136113.19","98736.81","41060.21","35209.78","33649.44","16139.05","23956.59","24919.25","13877.72"
"2025-11-03","132508.56","87112.06","34558.14","29494.92","25088.7","13274.35","17753.95","18626.63","10732.25"
"2025-11-04","131528.92","90811.45","31415.57","28667.02","24924.52","15396.18","21548.59","19550.39","12125.76"
"2025-11-05","133746.05","91583.09","32241.86","34438.72","26845.55","12287.91","24614.55","23443.1","11495.72"
"2025-11-06","264054.22","138609.1","59234.82","73070.36","52225.03","42626.97","37408.45","36527.51","27892.88"
"2025-11-07","283408.41","238627.06","51933.14","96476.9","47626.11","39891.55","29579.71","30663.18","27607.4"
"2025-11-08","237223.29","178822.2","60673.78","63262.06","42338.92","28065.87","31573.4","27193.22","20826.53"
"2025-11-09","212142.25","151977.83","53239.6","48928.48","38476.26","23392.08","34016.14","24268.5","18823.82"
"2025-11-10","182522.35","145729.06","40148.11","37468.91","38357.03","18323.57","24629.85","24461.36","15971.88"
"2025-11-11","169026.73","90812.9","35346.81","37578.87","36096.71","22801.26","30324.29","23683.81","15085.84"
"2025-11-12","145913.41","98229.57","39885.39","37518.45","31443.31","19279","30133.38","22439.44","15218.1"
"2025-11-13","127928.73","100812.21","35754.95","30486.55","37447.14","21935.95","31778.86","21097.1","13192.32"
"2025-11-14","140971.03","96220.77","38360.42","34566.57","33924.9","18372.1","23257.16","22226.92","11412.46"
"2025-11-15","137178.68","96357.24","38938.3","27907.59","33402.46","19638.61","33005.55","23337.06","12789.44"
"2025-11-16","136539.45","90581.03","34816.11","29120.15","25433.37","13722.78","28374.4","19467.84","11243.61"
"2025-11-17","125680.04","69531.3","27554.96","21365.16","19400.4","11847.61","20863.95","18645.28","8126.77"
"2025-11-18","116685.84","69257.06","25780.77","19371.27","17812.55","14338.5","16093.78","16950.48","8346.42"
"2025-11-19","109137.04","82819.79","27870.96","24769.61","21201.77","14602.85","18987.91","18827.5","8614.55"
"2025-11-20","167996.72","125083.17","40194.86","38430.95","40159.7","22336.85","23048.18","26564.3","14627.76"
"2025-11-21","172853.77","115453.76","49548.84","39358.96","40857.9","26847.15","22799.51","22161.06","14666.1"
"2025-11-22","152436.12","101451.6","43508.47","35782.8","37841.42","21860.31","29947.68","22210.74","11968.73"
"2025-11-23","128595.87","98818.92","40313.33","39520.68","31783.24","19903.33","28479.53","21970.56","15109.71"
"2025-11-24","130363.74","91561.71","29499.95","24131.86","28124.9","14696.02","22887.49","16927.81","10261.25"
"2025-11-25","136789.42","82511.95","31274.8","28534.49","29199.61","15136.44","19669.46","15916.19","10306.7"
"2025-11-26","137859.33","71952.77","28866.74","28793.55","26987.89","12913.19","19230.42","14921.42","10072.73"
"2025-11-27","157302.83","70904.16","33903.5","28187.79","26271.21","12258.47","19158.26","15819.94","10561.97"
"2025-11-28","213532.25","77234.77","41405.86","37135.42","30576.48","19188.16","27274.89","25815.62","14799.31"
"2025-11-29","177398.49","126797.98","53645.83","38463.92","32987.3","19889.62","35611.5","26340.37","14131.45"
"2025-11-30","148595.28","106356.89","43205.39","40948.01","33562.28","16126.48","32338.31","23968.77","16434.68"
"2025-12-01","85183.68","148730.86","41300.15","33921.23","33309.54","15827.14","24035.51","21249.59","13508.77"
"2025-12-02","70122.03","77775.4","32510.04","28370.26","25764.37","12585.69","20805.98","19479.93","10566.28"
"2025-12-03","111521.36","75013.13","32387.48","32719.67","26279.8","15444.41","28513.19","21383.85","11250.62"
"2025-12-04","238498.47","130024.24","55974.07","62370.17","43953.08","27570.31","33462.35","28087.22","24434.04"
"2025-12-05","249726.86","206141.67","54671.48","52610.34","47040.24","28952.91","26370.31","29103.34","22802.54"
"2025-12-06","167283.53","132066.22","55012.74","44381.76","41175.02","24640.66","31603.19","25086.59","18046.21"
"2025-12-07","152425.93","123075.41","55323.82","43107.77","39869.06","20212.71","28745.94","25429.82","18488.93"
"2025-12-08","131806.3","91547.22","49585.44","33526.48","31550.51","15444.25","23857.72","20932.76","15812.58"
"2025-12-09","100329.52","81805.48","43757.58","37647.24","32342.01","17783.31","21355.85","20400.7","13760.48"
"2025-12-10","104364.6","108230.79","40627.35","31257.14","40378.21","17471.71","22630.29","18916.42","13574.92"
"2025-12-11","93372.97","69936.63","30190.34","24217.87","26234.77","12426.27","18570.42","16807.97","7434.02"
"2025-12-12","123234.72","88547.14","36881.07","32260.3","28561.51","15241.61","19418.58","17748.66","10472.79"
"2025-12-13","111625.27","101662.01","38688.6","29812.78","29839.5","16579.34","25978","18678.2","10996.83"
"2025-12-14","105825.62","103758.82","35865.68","26797.35","24770.08","12707.81","25370.52","18050.74","10165.63"
"2025-12-15","86514.99","93219.03","32013.77","24185.32","20325.76","11251.93","20158.6","17260.84","7479.33"
"2025-12-16","114721.54","97836.41","31869.94","32583.37","22455.99","16887.75","20572.83","18687.14","10488.83"
"2025-12-17","119142.17","105884.77","32663.83","30523.72","30086.55","16125.85","24227.36","20445.85","12674.51"
"2025-12-18","128074.42","103398.38","34966.1","29726.84","33372.01","19000.09","22892.96","21027.46","13627.02"
"2025-12-19","241900.26","100221.76","55112.03","44647.04","35463.61","23597.37","23962.58","27172.99","14538.32"
"2025-12-20","198087.29","126967.29","55010.23","40545.71","43247.67","27519.96","32458.54","26164.29","16435.72"
"2025-12-21","151568.75","131109.73","49932.11","45047.38","33077.57","21459.56","30377.06","25064.14","16566.65"
"2025-12-22","130480.36","95801.98","41350.95","31291.05","30512.47","17781.93","22871.81","21633.1","13954.79"
"2025-12-23","149454.57","96639.44","45735.51","40341.57","36637.43","20970.43","23736.51","24121.87","14205.67"
"2025-12-24","221978.15","117855.14","56970.37","51156.71","55877.78","29878.92","30494.22","30560.23","18402.46"
"2025-12-25","297414.16","191284.61","61557.44","55290.65","58575.48","29705.62","28883.64","30833.9","20319.01"
"2025-12-26","256115.43","125859.06","64310.24","47636.69","48383.67","27450.08","26497.71","26379.6","20244.11"
"2025-12-27","196315.7","97635.15","60238.92","38229.28","46199.72","24122.07","34234.98","26842.27","18909.4"
"2025-12-28","173202.42","114088.3","50075.14","57361.77","42645.01","19616.51","34065.22","22910.52","21526.17"
"2025-12-29","120962.51","96680.65","51987.51","44149.41","41024.88","17961.39","25720.29","20480","17727.85"
"2025-12-30","116818.56","82190.83","50807.25","35483.06","32418.09","18784.33","20247.47","22232.08","14977.89"
"2025-12-31","156817.65","123714.19","50346.59","45247.95","63030.17","20585.7","33174.91","27541.02","14827.27"
"2026-01-01","539836.12","518672.35","90741.63","142398.31","96602.61","106525.58","55108.16","40878.96","56170.26"
"2026-01-02","431561.38","266897.17","108526.9","133084.51","78476.93","73805.72","50704.58","34211.2","43340.61"
"2026-01-03","289733.51","215817.33","72302.28","65181.97","58933.46","42363.9","67919.86","31666.22","34619.29"
"2026-01-04","246122.77","142892.61","66339.49","76414.88","43836.96","30434.13","41340.37","27240.74","27717"
"2026-01-05","176674.49","117330.32","55121.53","60135.83","40488.73","25893.07","34031.46","26920.05","26476.43"
"2026-01-06","149251.36","134890.93","54496.2","57593.73","42030","30374.29","38265.59","24444.15","28840.71"
"2026-01-07","118258.98","119444.26","45295.08","53450.56","42661.21","21414.64","30104.97","21965.18","21580.64"
"2026-01-08","117838.99","106837.09","42345.73","41640.37","34679.53","19381.77","22676.31","27656","18118.81"
"2026-01-09","131846.8","97241.29","47803.31","40426.32","39319.93","21721.1","24106.36","24897.19","17474.31"
"2026-01-10","150561.52","125232.78","45386.5","40775.78","36522.84","22582.61","26887.31","26722.23","20321.76"
"2026-01-11","153127.64","104405.43","49990.43","42924.35","31174.8","20453.41","26287.97","23510.52","18656.27"
"2026-01-12","132420.27","100258.43","37439.99","35594.71","28098.74","14758.97","19383.76","23116.09","13749.92"
"2026-01-13","119264.79","98988.4","38086.79","36110.41","24288.55","18122.78","17349.89","20227.92","12117.25"
"2026-01-14","117277.56","99499.48","33482.35","26277.22","24531.8","18156.56","18858.43","20347.92","11115.23"
"2026-01-15","119254.89","99841.47","38313.82","33144.14","31544.61","19270.37","18638.03","22970.63","12143.81"
"2026-01-16","166376.33","104056.17","46373.93","41345.29","30814.61","19687.04","20671.62","24286.36","15531.58"
"2026-01-17","193495.33","120366.44","51234.93","42531.89","39244.42","23460.07","27752.73","25644.75","14842.75"
"2026-01-18","226007.18","140351.36","49740.11","44514.27","32796.73","22555.77","26959.72","23660.03","16951.57"
"2026-01-19","187350.96","127223.5","39385.11","26764.84","31043.25","15814.28","19094.45","21934.38","14412.33"
"2026-01-20","127406.45","130775.95","43094.29","32978.11","33605","20720.07","18429.03","22158.77","13685.37"
"2026-01-21","116980.74","107572.39","37033.8","30237.53","35523.17","15949.47","17562.91","21747.41","12150.15"
"2026-01-22","129763.78","112799.9","40436.78","33857.04","35030.52","19958.57","17612.34","20850.96","13388.6"
"2026-01-23","261719.19","117747.31","61435.64","48749.71","42711.82","31043.68","21668.72","25359.19","16197.34"
"2026-01-24","250149.6","126432.14","67597.58","48288.75","46094.83","30480.79","26141.95","25438.01","18229.72"
"2026-01-25","230717.91","123534.86","50768.9","47216.03","38624.05","21427.36","25673.05","23195.65","18542.17"
"2026-01-26","185066.28","87429.91","42740.2","30614.14","29492.69","15561.37","17049.59","19572.76","14530.11"
"2026-01-27","162089.82","82239.6","45976.66","29598.88","30698.46","20256.69","14757.85","18949.45","14549.23"
"2026-01-28","126529.86","78408.08","52816.83","31608.1","35020.35","19412.82","19945.43","18563.29","14365.85"
"2026-01-29","141937.5","81501.64","47217.25","35179.12","38229.87","21365.26","20476.23","20345.6","14378.7"
"2026-01-30","179465.94","115186.49","60502.51","37189.51","33549.25","20770.6","22640.73","23228.48","15485.07"
"2026-01-31","195021.82","103995.21","56167","43663.94","49872.27","25385.53","25309.74","26516.75","17397.2"
"2026-02-01","190603.9","176127.01","54063.94","53944.08","45299.91","24240.81","26912.3","27425.69","20293.4"
"2026-02-02","133119.54","86738.45","48598.95","41542.23","32773.26","16677.72","20408.15","22330.02","16124.91"
"2026-02-03","128020.59","83755.13","43175.52","41303.14","25981.74","15274.38","17413.18","21442.64","15921.58"
"2026-02-04","144812.66","79210.41","51076.3","41934.83","33589.03","17064.95","17451.73","24968.54","16077.24"
"2026-02-05","400866.94","220639.91","113348.64","132770.44","77861.41","62010.09","33140.63","36344.05","55500.05"
"2026-02-06","424553.65","304886.31","112533.23","140499.28","68554.31","79502.45","28438.51","35596.33","40797.57"
"2026-02-07","314777.9","178099.41","84322.28","83441.22","69936.62","45713.97","32447.83","36504.54","36806.87"
"2026-02-08","259865.17","146917.55","79314.55","74720.92","49139.49","34241.49","27641.78","31858.18","31071.15"
"2026-02-09","187099.12","140854.81","54980.11","54158.21","42106.74","28760.72","19960.26","25509.42","22688.79"
"2026-02-10","175857.48","107394.21","60643","50100.24","50660.25","32794.94","19468.29","24374.23","24774.08"
"2026-02-11","175289.17","127549.9","71388.57","53847.16","50921.85","28373.06","23011.71","23297.44","20097.82"
"2026-02-12","158802.5","109049.57","54523.36","41019.88","39042.42","26666.35","18964.29","20734.7","17995.74"
"2026-02-13","191319.79","134919.76","57083.46","43081.16","40407.18","27841.94","20524.39","25698.67","18396.34"
"2026-02-14","229192.14","146888.8","59714.72","48321.71","47229.37","38220.92","29120.35","29771.47","20200.58"
"2026-02-15","212030.13","140929.05","57426.96","48630.47","45877.45","27021.94","24739.45","28039.65","18443.7"
"2026-02-16","203762.83","102141.94","51619.66","35851.48","49707.33","19500.31","20915.79","27787.8","15667.75"
"2026-02-17","209525.32","111204.93","56068.57","40907.15","68273.27","32469.21","21925.37","29723.24","18475.47"
"2026-02-18","210018.47","125599.45","66822.38","48716.58","68775.25","28027.15","24892.9","27968.18","19509.17"
"2026-02-19","206561.33","112796.83","57260.44","45134.16","74132.52","28087.74","20953.5","26584.05","18122.31"
"2026-02-20","246879.73","116428.43","66244.03","49216.62","65798.79","33065.03","25386.22","29576.21","21081.24"
"2026-02-21","232697.85","132405.33","67482.88","46541.77","67519.88","36933.7","32481.23","31933.96","25277.65"
"2026-02-22","258604.14","120412.99","74209.68","50599.91","58166.54","35351.89","30947.2","32127.47","23805.63"
"2026-02-23","214116.65","126510.03","51869.76","38980.44","46881.9","25381.28","23201.87","24769.55","21763.16"
"2026-02-24","170313.57","96539.64","49136.49","36056.1","38351.01","28306.97","21493.53","21386.39","19843.35"
"2026-02-25","212998.53","101620.56","55387.25","37694.63","40988.83","24070.64","25196.01","25242.07","19951.8"
"2026-02-26","367876.63","131930.42","90406.1","59999.72","71375.58","56706.61","30251.88","37963.34","37020.93"
"2026-02-27","434393.7","284126.46","112873.63","72379.09","71767.95","68407.19","31760.24","40014.13","45064.77"
"2026-02-28","396025.16","215474.62","100113.54","59587.27","85139.61","56589.58","40967.14","37842.18","43698.93"
"2026-03-01","293469.45","281289.95","89016.85","64523.53","72588.24","45618.99","32642.56","36664.39","37697.32"
"2026-03-02","238675.21","125241.93","73673.55","53819.1","54867.16","33224.53","24303.34","26717.34","29914.83"
"2026-03-03","247306.9","126933.9","69763.31","49806.19","41775.73","41497.5","24364.46","24541.59","28593.31"
"2026-03-04","257007.18","117875.88","81256.11","52279.33","44945.51","43257.95","28610.85","29021.89","27666.35"
"2026-03-05","533968.38","354073.85","199173.37","136495.72","95970.1","101389.94","46386.39","59410.76","99659.98"
"2026-03-06","518346.09","701376.4","213766.88","122457.26","70539.47","112537.65","36724.94","61325.31","82585.7"
"2026-03-07","428669.39","209897.31","175512.31","113455.12","78977.15","88883.76","47248.49","55627.62","58669.83"
"2026-03-08","325453.49","171701.92","160034.27","95309.15","68171.05","76645.66","51018.16","44069.73","56051.63"
"2026-03-09","271147.24","144502.64","111175.8","62504.28","59188.94","58896.95","43574.77","32222.84","44822.12"
"2026-03-10","248924.88","155982.63","125947.1","59128.7","57540.98","61032.56","42006.24","31482.9","40289.69"
"2026-03-11","200642.32","143643.96","118732.59","59010.4","52871.77","49438.78","35241.09","26967.96","28727.86"
"2026-03-12","185821.87","109753.6","93062.39","42863.83","52003.08","45770.8","28512.87","24677.17","28306.93"
"2026-03-13","229217.67","112085.33","92858.9","53228.04","46304.9","47741.11","24442.48","26617","32355.6"
"2026-03-14","211949.16","121560.38","93061.63","61422.24","47736.55","49763.24","32523.9","29739","33167.01"
"2026-03-15","239133.47","118977.01","87897.2","60869.96","42708.63","45209.55","29008.7","29916.68","33015.34"
"2026-03-16","210814.69","99824.45","68844.13","45106.74","34985.73","33614.45","24331.8","26414.14","27961.05"
"2026-03-17","211601.34","108168.34","88416.75","46288.88","44680.92","57827.08","25696.15","26512.75","32941.64"
"2026-03-18","218286.88","116240.29","96024.47","50338.26","47562.32","58315.86","29623.34","26009.03","33226.1"
"2026-03-19","328970.75","155218.07","137827.08","86708.18","71038.49","76284.79","37057.79","38049.91","52970.04"
"2026-03-20","402593.53","244297.01","164398.6","85926.26","87313.64","81415.11","32917.88","39477.51","54178.05"
"2026-03-21","332481.38","195891.7","164264.94","76481.22","80664.16","82250.42","40860.13","36812.94","49431.09"
"2026-03-22","292370.46","150058.92","146358.24","73923.26","77267.37","81993.72","32517.55","32460.94","49884.87"
"2026-03-23","241675.49","123026.97","91826.47","47152.12","55411.32","52756.42","25638.45","24400.54","35823.13"
"2026-03-24","214631.89","133663.85","94316.19","49800.52","44033.92","58398.08","22737.4","24557.31","39808.79"
"2026-03-25","195607.52","156677.85","95846.07","51756.78","44298.16","50701.82","23966.28","22639.76","35269.74"
"2026-03-26","172565.79","105656.6","96267.71","46613.1","48491.27","48275.16","30830.99","24761.99","35075.68"
"2026-03-27","248249.72","123266.67","100470.44","63554.42","51225.75","58324.06","25279.58","27196.23","44214.92"
"2026-03-28","215721.73","118580.99","101646.91","60915.45","53418.94","69124.11","29754.89","30157.94","47936.08"
"2026-03-29","192626.55","98196.49","116564.73","54902.46","44499.43","51376.68","25170.36","27338.33","40547.12"
"2026-03-30","158424.33","89866.78","86041.04","46571.41","37072.72","37495.13","25321.81","21916.7","37095.27"
"2026-03-31","193169.65","123106.68","126423.88","50080.78","62736.45","46490.24","26579.17","24954.56","43498.54"
"2026-04-01","226705.44","189572.49","140245.66","60283.27","70226.43","54047.16","44820.16","32129.83","46228.46"
"2026-04-02","463323.77","210057.87","261049.53","170846.7","99668.88","147370.5","75057.68","69544.56","146894.16"
"2026-04-03","458528.72","446160.37","289283.61","141423.41","81527.71","174117.13","55131.5","71869.41","160187.73"
"2026-04-04","344575.58","288129.26","230761.55","122013.31","77836.74","165867","54120.58","46039.82","89466.69"
"2026-04-05","310822.21","250396.2","285222.06","99665.24","84885.19","118826.24","55903.69","43340.86","87237.48"
"2026-04-06","254083.64","169415.54","193010.95","77045.33","62588.47","94901.44","33539.95","32868.71","69760.61"
"2026-04-07","189855.08","134490.74","125244.69","67539.63","52265.83","74268.78","26824.12","31003.46","48728.35"
"2026-04-08","169197.72","106854.35","143643.81","71303.94","48657.7","68726.71","27021.39","31565.07","43848.1"
"2026-04-09","143732.01","91641.04","129590.31","56206.39","52718.25","55262.4","23335.73","24991.13","38126.38"
"2026-04-10","163494.89","96522.96","105718.62","59827.65","56881.78","58337.96","21519.18","27283.58","40426.24"
"2026-04-11","174454.02","90416.35","88563.85","58022.95","57748.25","66689.24","25741.59","29431.59","38765.02"
"2026-04-12","175479.5","92463.71","100252.43","62712.61","48474.72","57153.47","25284.75","28739.22","40562.14"
"2026-04-13","130480.32","84859.26","66056.28","47879.74","43498.26","39743.2","18810.39","23693.78","35006.98"
"2026-04-14","123759.19","80930.39","77650.95","51425","38449.68","50461.72","20548.52","22866.24","31010.82"
"2026-04-15","129855.15","90634.41","83170.58","47189.7","35291.21","50448.32","22068.49","25403.55","27202.64"
"2026-04-16","123790.05","81604.67","71984.7","43412.79","40794.75","48173.91","21559.61","23582.56","24602.63"
"2026-04-17","153447.26","78310.88","79045.35","50820.59","49306.38","53459.46","21511.43","27366.94","24920.82"
"2026-04-18","180530.83","104939.11","90788.99","59890.08","55066.96","70387.24","32076.08","33036.95","40227.69"
"2026-04-19","183193.43","124196.18","99860.55","61984.5","47297.39","67081.27","34431.07","33766.14","44114.01"
"2026-04-20","163356.22","116390.04","72396.29","42432.94","50387.19","51588.18","25110.92","31727.83","37385.7"
"2026-04-21","153531.37","114246.73","78645.46","48657.53","52936.74","57907.75","23269.8","33615.03","34779.04"
"2026-04-22","182322.72","115296.74","107558.95","67459.85","58203.47","57797.35","46196.41","31590.73","40535.79"
"2026-04-23","225041.68","140120.22","124405.15","63672.7","88251.51","61612.62","33415.57","30364.04","45206.9"
"2026-04-24","356164.7","167663.91","168299.68","83882.38","103605.5","100266.09","36111.14","35903.85","56637.96"
"2026-04-25","299044.32","174493.64","165366.73","67849.82","89238.42","118140.7","52915.88","39152.15","60463.9"
"2026-04-26","275766.34","141146.38","140258.25","80593.39","86191.11","91849.19","57543.73","36283.96","66814.46"
"2026-04-27","235584.22","121837.63","114338.36","49167.26","94605.43","86912.54","45551.2","31561.86","53270.82"
"2026-04-28","329186.66","196315.18","139578.21","102673.74","122302.76","137899.02","79484.6","51144.23","84894.17"
"2026-04-29","282427.22","242830.24","154374.51","113974.91","144620.62","118116.46","93633.13","52115.49","66603.07"
"2026-04-30","276596.64","208002.34","171539.24","98421.23","150444.15","110689.35","104292.14","45847.3","78908.33"
