"날짜","필리핀 제도 DAU","미국 DAU","멕시코 DAU","브라질 DAU","콜롬비아 DAU","사우디 아라비아 DAU","나이지리아 DAU","대만 DAU","러시아 DAU"
"2025-01-01","2065949","2187471","1233180","861173","336552","329986","282598","311107","229765"
"2025-01-02","1973064","2042449","1048876","646074","362360","354980","243995","197176","223495"
"2025-01-03","1824047","2143134","1114170","669377","336667","365487","254319","246413","210031"
"2025-01-04","1939767","2085114","1067396","806980","344472","339804","255389","235143","217220"
"2025-01-05","1801517","1848325","1093886","754857","366714","349106","204672","284218","245085"
"2025-01-06","1889779","1934005","1157402","599671","356552","370618","232322","183965","284801"
"2025-01-07","2059830","2177855","1299555","730231","414706","310259","208660","239641","225318"
"2025-01-08","1861994","1841194","966266","728436","332992","425927","207890","211530","216473"
"2025-01-09","1838063","1853609","912262","756450","363990","364626","210060","128694","236608"
"2025-01-10","1890975","1897396","1035415","717428","313976","382821","215906","274786","217101"
"2025-01-11","1960083","2114584","1066225","735483","332852","337479","191988","395564","219916"
"2025-01-12","1968375","1875526","1118840","900733","363911","332513","240701","292696","250125"
"2025-01-13","1827478","1821815","1021120","764098","333838","309934","188444","216912","206150"
"2025-01-14","1797829","1596659","889464","728670","365972","288161","233561","212746","239779"
"2025-01-15","1751499","1803502","1052492","704878","396885","269149","240538","252706","259851"
"2025-01-16","1841931","1580994","1061823","676004","375402","373109","219296","286645","239163"
"2025-01-17","2082896","2204117","1186778","674658","389908","356114","228978","364159","281937"
"2025-01-18","2029194","1602854","1067161","733211","365093","294563","244034","333165","288396"
"2025-01-19","1796037","1806465","1150799","648842","367399","278439","262897","368735","278029"
"2025-01-20","1707991","1738089","963818","621439","385598","253294","188773","374749","274554"
"2025-01-21","1701670","1543609","1018639","615728","362578","255400","236924","389900","234665"
"2025-01-22","1764727","1680318","1032510","628709","326349","229913","249972","506639","276348"
"2025-01-23","1819449","1444980","871672","685866","292809","320807","265748","452217","219629"
"2025-01-24","1989557","1373573","969022","699803","341331","334525","224968","348942","310269"
"2025-01-25","2182770","1651004","1033852","714800","344135","298523","259716","422078","244222"
"2025-01-26","2147748","2050952","1145371","811803","358918","233375","247926","412168","274823"
"2025-01-27","1948665","1834589","1108122","673930","288461","244638","210741","416296","247994"
"2025-01-28","2014431","1605392","1040353","664145","303821","217764","239070","437566","269443"
"2025-01-29","2080020","1509399","952501","666709","369505","243226","248592","422408","258480"
"2025-01-30","1928403","1531228","991950","652441","325281","269432","208191","400225","259497"
"2025-01-31","2097246","1673483","1002024","685576","303553","342919","272237","453594","308106"
"2025-02-01","2199060","1703022","1010468","749108","372575","298266","262505","392970","293311"
"2025-02-02","1924405","2008570","1117872","826753","361424","250410","249646","411345","318418"
"2025-02-03","1975150","1846922","1158430","593461","296587","273904","233948","391635","284989"
"2025-02-04","1941427","1524591","973841","708456","328376","249887","217533","342432","296685"
"2025-02-05","1930620","1832516","920297","618745","282440","265501","262407","397929","242181"
"2025-02-06","2017764","1829229","1043960","614924","352190","320197","226244","344319","251096"
"2025-02-07","2218749","1735508","977679","521589","346969","336561","198620","372058","270741"
"2025-02-08","2135195","1967118","1151877","593402","322046","293867","242416","398060","240120"
"2025-02-09","2173527","1925201","952378","647737","380474","246571","232231","405757","219170"
"2025-02-10","1998611","1826822","999744","559059","356957","255913","236820","345996","273520"
"2025-02-11","1974051","1901276","937143","561992","332878","325902","232105","243277","238842"
"2025-02-12","1943236","1698689","931371","530132","333832","265572","248853","243607","232053"
"2025-02-13","1878469","2012036","738037","561203","345057","323559","217858","290907","252482"
"2025-02-14","1977914","1841564","915463","555013","304974","309042","238246","288272","236828"
"2025-02-15","2135448","2100727","982288","685250","346361","282803","256189","376586","210051"
"2025-02-16","1965030","2021441","1103398","725787","388546","265476","219245","385606","184771"
"2025-02-17","1860216","1867868","931691","515022","330484","236735","200325","273690","179083"
"2025-02-18","1991881","1764705","995595","588129","337325","283145","202750","245800","216741"
"2025-02-19","2058237","1834784","1022618","533375","356012","334386","243384","303447","227119"
"2025-02-20","1894322","1786728","901999","512725","319523","428258","238516","260179","238039"
"2025-02-21","2023267","1671852","1033737","579759","376198","368398","249949","314786","233278"
"2025-02-22","1975773","1693066","987164","626320","408288","324925","233048","382836","248439"
"2025-02-23","2061325","2024977","1141270","714752","451877","333082","203714","314683","210870"
"2025-02-24","1860019","1888315","995228","545688","393684","332013","239571","267702","229104"
"2025-02-25","1882344","2014822","833187","529079","406784","336471","214866","233951","238581"
"2025-02-26","1930558","1917527","963796","538122","342370","373078","252616","240050","219747"
"2025-02-27","1889112","1617274","843870","540086","349260","332666","229140","284465","232007"
"2025-02-28","2046045","1916348","981142","563062","399414","440377","261549","333547","236333"
"2025-03-01","2054445","2101828","1017995","616672","343853","420388","252984","316168","234840"
"2025-03-02","1925744","1951804","1160607","693767","355594","299886","280382","339109","257268"
"2025-03-03","1939298","1718398","976468","636310","387754","287567","235686","213777","232087"
"2025-03-04","1998244","1770100","712192","651320","374537","317973","264372","204246","240277"
"2025-03-05","2009972","1918307","795795","590910","368468","274479","252268","232753","234868"
"2025-03-06","1844983","1706399","879673","572629","317756","336027","215837","182854","224502"
"2025-03-07","1961039","1739607","950309","594219","348428","364443","184742","220393","207483"
"2025-03-08","2085241","1671399","1026633","660723","341665","382478","207063","318207","233875"
"2025-03-09","2008854","1894798","1110446","609986","401473","344563","203561","330149","283616"
"2025-03-10","1854573","1906272","926331","448834","393408","363428","209418","215951","211606"
"2025-03-11","1800108","1727043","906325","454664","431359","381509","216800","243450","246431"
"2025-03-12","1815169","1571377","943508","483610","393504","307401","183779","245424","227305"
"2025-03-13","1805170","1573079","842425","505866","393116","404944","225574","244160","179718"
"2025-03-14","1883060","1656138","922626","520878","373308","401841","247749","284241","276123"
"2025-03-15","2090050","1553978","990513","643571","343564","345808","236338","299334","251536"
"2025-03-16","1852705","1748226","1084135","727400","377132","343617","241109","298708","258393"
"2025-03-17","1636535","1692123","1106415","541425","292049","316747","214129","247374","232259"
"2025-03-18","1744260","1536748","911026","509521","328666","382675","220269","188607","194842"
"2025-03-19","1811162","1581999","870442","519192","326428","358607","267416","181632","210845"
"2025-03-20","1822936","1710201","833547","500093","320459","345138","249196","204438","192317"
"2025-03-21","1866877","1681938","1009459","514960","310252","325674","254685","252129","213699"
"2025-03-22","1900112","1849830","1094206","617683","348392","354713","260302","410538","194820"
"2025-03-23","1868559","2011093","1109979","634161","339912","308801","221347","313771","198936"
"2025-03-24","1692302","1555790","1028659","518956","375552","313604","232520","209585","237649"
"2025-03-25","1771560","1611970","951182","474848","321464","330929","216727","206670","222957"
"2025-03-26","1959993","1510173","854317","475491","307181","327206","246444","251853","252125"
"2025-03-27","1969630","1962657","992134","530187","357140","315252","264319","233678","237712"
"2025-03-28","2115911","1854865","1034391","516666","319332","358317","225196","266139","214795"
"2025-03-29","2046460","1591485","927770","674066","348817","463156","210559","382958","251732"
"2025-03-30","2086288","1886318","1029409","689377","331682","290782","210615","361935","206340"
"2025-03-31","2069579","1753427","894006","509313","301737","319610","245351","221095","182764"
"2025-04-01","2017369","1626715","785247","446821","277812","326640","225582","226611","239483"
"2025-04-02","1889137","1510767","877826","508776","325582","355088","220348","216847","216453"
"2025-04-03","1936837","1444760","873182","480186","316609","308038","203353","314457","200034"
"2025-04-04","1896784","1440062","1029132","526202","294032","358325","208098","341694","204957"
"2025-04-05","1949922","1474648","1010074","662086","327053","327590","228847","376570","212410"
"2025-04-06","1866436","1581791","1091567","640481","349902","300680","208121","318375","227102"
"2025-04-07","1879309","1422826","919225","523260","321609","262574","205649","252469","215929"
"2025-04-08","2131132","1364678","916623","499380","310773","251451","238308","275034","208214"
"2025-04-09","1979004","1532150","882609","497298","299098","260348","207830","272741","267357"
"2025-04-10","2043609","1638773","953744","587602","259969","353835","211446","255906","225955"
"2025-04-11","2007803","1591505","1083979","649041","292679","269703","228342","278613","189920"
"2025-04-12","2297335","1574789","1122753","673115","342874","252071","217827","401235","209389"
"2025-04-13","2283934","1400610","1203092","682060","319826","215489","157128","340815","181770"
"2025-04-14","2150397","1414065","1029454","592848","285226","200855","213243","257330","186033"
"2025-04-15","2147712","1369699","983830","506706","307168","241926","220041","236190","235419"
"2025-04-16","2205835","1294425","1097981","590871","300427","243065","256501","216306","192643"
"2025-04-17","2139058","1397361","1134546","595836","345158","261273","235900","245188","193215"
"2025-04-18","2221061","1331759","1114753","703625","336825","295150","242532","268552","197828"
"2025-04-19","2291911","1464807","1162065","726423","338684","307021","236514","366271","212870"
"2025-04-20","2322545","1542979","1096573","751615","353479","265548","232232","338078","175681"
"2025-04-21","2236894","1428513","1075347","661586","358748","221360","238869","287807","177497"
"2025-04-22","2469433","1441133","963547","545151","263991","271111","256154","277981","238212"
"2025-04-23","2392031","1525308","992013","537286","295594","247153","232876","299615","170786"
"2025-04-24","2362954","1725862","1054098","507225","339662","260955","195817","287373","191107"
"2025-04-25","2442127","1508355","942664","513182","319832","314143","225642","277603","157309"
"2025-04-26","2438276","1523300","1037018","575534","310236","235840","241293","348725","232972"
"2025-04-27","2353350","1786116","1103228","632229","344177","230648","208918","362540","198863"
"2025-04-28","2184325","1447925","819204","516990","283035","190941","226079","216688","224588"
"2025-04-29","2424614","1663626","890364","508721","293305","201734","185873","245089","251569"
"2025-04-30","2483715","1293271","855299","490464","290268","258238","210741","287235","248874"
"2025-05-01","2611303","1303992","1032014","602888","272058","280370","204085","279131","252092"
"2025-05-02","2575892","1395591","1017405","600911","252792","307749","217098","280497","273776"
"2025-05-03","2580679","1660530","969465","601090","309044","307563","229559","339069","290841"
"2025-05-04","2442320","1722890","1004618","630770","282564","274900","220535","338586","254613"
"2025-05-05","2473344","1502727","999591","514840","310711","250742","224845","285674","278669"
"2025-05-06","2379998","1579278","792669","473183","252070","233167","293528","257457","247367"
"2025-05-07","2492805","1511119","847085","473897","288010","233514","258739","292860","280222"
"2025-05-08","2598791","1461303","970227","453027","309330","260819","222902","255690","280856"
"2025-05-09","2663305","1573563","1072574","409196","278967","259824","226085","318610","211229"
"2025-05-10","2494130","1645046","1069028","585322","266261","247832","266725","400102","280102"
"2025-05-11","2755416","1684373","1062745","728359","281213","193537","250655","325511","283895"
"2025-05-12","2700987","1442286","1068835","489824","282321","194008","206035","250298","321823"
"2025-05-13","2585514","1635979","925627","494271","287974","227642","234112","272571","288654"
"2025-05-14","2538818","1591498","1031827","503812","324563","288154","264300","348893","271524"
"2025-05-15","2619920","1545030","1022675","530936","328119","231962","245457","297128","278960"
"2025-05-16","2678660","1581934","1115857","584867","296883","272904","286349","297710","227229"
"2025-05-17","2542340","1479762","1121001","702905","353531","271926","294945","350329","245997"
"2025-05-18","2464116","1379027","943285","720034","372863","253122","270918","329085","248970"
"2025-05-19","2434743","1286550","900584","674672","334863","302072","261448","309399","235704"
"2025-05-20","2319559","1565275","866352","534357","321131","306389","306785","281142","242744"
"2025-05-21","2351152","1464517","938506","582229","350798","329429","273138","259953","261907"
"2025-05-22","2294934","1599774","992002","568333","273337","282310","268063","296045","264202"
"2025-05-23","2262663","1469850","1068320","648195","314601","383243","281011","366478","260267"
"2025-05-24","2312400","1365070","1033427","726699","320638","300231","313942","322972","264366"
"2025-05-25","2325241","1681905","1080310","777637","332322","328323","306060","291124","205704"
"2025-05-26","2283672","1403066","1031571","522819","311832","301156","281358","290146","235705"
"2025-05-27","2124875","1549303","929583","531264","270038","290086","263274","271691","234007"
"2025-05-28","2018150","1553042","987062","532363","323253","301150","264543","347727","241330"
"2025-05-29","2358616","1494249","1102571","517544","343513","280610","267071","283760","246252"
"2025-05-30","2357048","1499305","1052646","531070","370582","353837","281206","378156","278461"
"2025-05-31","2326325","1711099","1245484","733052","362442","267881","326729","372007","263641"
"2025-06-01","2340913","1686769","1289142","778371","414505","268527","291125","346318","339254"
"2025-06-02","2290420","1478187","1059299","541196","392984","325880","280280","246254","235225"
"2025-06-03","2288129","1638990","1081244","543820","317729","307257","278697","250026","304496"
"2025-06-04","2363280","1511240","1041784","611745","371450","330983","246750","275143","269443"
"2025-06-05","2369176","1761125","1019318","596456","346974","306242","283496","260892","293168"
"2025-06-06","2317045","1665732","1074268","553458","321579","339086","286346","311055","268513"
"2025-06-07","2278359","1785574","1083816","680998","372686","312166","312148","321487","272696"
"2025-06-08","2273772","1659504","1152170","755853","367583","346907","284782","288618","268729"
"2025-06-09","2260549","1462751","1063099","512232","341465","319168","292342","247740","286034"
"2025-06-10","2273022","1509549","983300","576448","344697","270368","267420","239289","227137"
"2025-06-11","2250997","1596226","1092166","493868","320318","224993","272296","273143","259295"
"2025-06-12","2154957","1488360","950842","570009","305073","247177","281119","242487","241888"
"2025-06-13","2180310","1415196","963558","562127","346108","293339","267063","297549","187967"
"2025-06-14","2039183","1599130","1107690","641992","345763","205389","307678","284920","222156"
"2025-06-15","1918288","1543493","1208759","679941","362664","235206","264077","343090","275081"
"2025-06-16","1819911","1512786","1042979","607303","291643","266466","234147","275827","258851"
"2025-06-17","1786373","1442086","1015138","545666","328944","243928","260600","258311","239256"
"2025-06-18","1973652","1497992","1025392","523603","297300","238938","267111","292455","213899"
"2025-06-19","1863068","1677953","1086131","682028","314472","327317","241440","248998","205287"
"2025-06-20","2037578","1803514","1117902","629291","350830","320689","257972","260202","252420"
"2025-06-21","2065946","1463499","1100205","656384","359284","274135","283034","262111","207454"
"2025-06-22","2113549","1586573","1239604","717984","375275","249500","280677","288062","226024"
"2025-06-23","1821560","1389712","1006658","543392","408570","280153","257985","260517","166893"
"2025-06-24","1871123","1448840","1095596","614991","339076","268195","309202","253029","204867"
"2025-06-25","2000121","1483005","1168074","525545","265285","267516","288422","248997","211484"
"2025-06-26","1900279","1518370","1076408","503323","332406","311733","294552","242725","190451"
"2025-06-27","2043167","1354496","1257585","510635","306844","302792","327761","290054","212281"
"2025-06-28","2188448","1622855","1314667","616892","367611","298817","310356","274576","231682"
"2025-06-29","2071860","1585426","1116326","615175","339167","347792","279979","326499","250991"
"2025-06-30","1831711","1439865","1110905","495266","403069","331164","277741","380627","249217"
"2025-07-01","1811420","1639015","1076069","512634","290936","354932","287862","326996","243269"
"2025-07-02","1873512","1577314","978487","552085","285059","276556","283579","285223","231914"
"2025-07-03","2193921","1498048","924578","513890","320747","318091","286670","345910","238607"
"2025-07-04","2231565","1426091","1089353","481390","326530","353887","336847","350003","244685"
"2025-07-05","2394460","1478451","968013","568109","322047","291934","351628","389571","214858"
"2025-07-06","2155004","1543724","1199314","620640","351090","262997","318808","363594","198397"
"2025-07-07","1958182","1436128","1093258","560860","301456","319714","315989","329187","227085"
"2025-07-08","1998924","1398407","1019621","582037","309025","276270","275918","290030","229518"
"2025-07-09","2008665","1389629","1012364","523710","310056","239491","280874","307848","254731"
"2025-07-10","1942078","1497722","974737","538726","293813","293487","265683","318349","167659"
"2025-07-11","2080372","1492950","1021434","571816","330869","226880","301409","283441","183045"
"2025-07-12","2202225","1555977","1129971","574326","354681","314732","323241","310910","248183"
"2025-07-13","2117908","1509088","1162458","710099","404309","288559","311412","368339","200128"
"2025-07-14","1787981","1427172","1069844","578995","326275","285490","270133","337320","160674"
"2025-07-15","1927904","1475004","1139555","568251","307193","269342","301370","328249","208383"
"2025-07-16","1929303","1368558","1113658","553449","267172","254581","298041","310425","163300"
"2025-07-17","2029013","1257350","961184","495135","350593","257474","334478","281466","159464"
"2025-07-18","2175882","1484875","911536","542314","307303","361097","319892","316178","150966"
"2025-07-19","1980418","1399431","1094012","604458","289996","291546","374144","306783","178807"
"2025-07-20","2052086","1384090","1060391","596224","332499","353274","320848","318524","220625"
"2025-07-21","2098317","1141727","982270","560553","287126","279735","315004","287096","196488"
"2025-07-22","2158232","1308562","1095371","550416","292868","273078","276830","300786","209265"
"2025-07-23","2165326","1194320","925080","523207","312479","413597","340833","318009","179695"
"2025-07-24","2220953","1196569","1111600","485331","335219","270667","322200","277214","175664"
"2025-07-25","2397109","1190309","930038","531313","301538","286981","340415","291925","174304"
"2025-07-26","2056229","1260439","954865","597465","341177","282838","294437","255583","192681"
"2025-07-27","2077632","1173176","1116985","640568","346921","285179","289701","299963","191463"
"2025-07-28","1966223","1280999","928120","541439","354858","208242","303830","245493","203457"
"2025-07-29","1844750","1465556","944251","531229","268883","230039","295061","228751","200484"
"2025-07-30","1835129","1300478","992850","547950","308219","287671","263598","227262","244441"
"2025-07-31","1903224","1370039","925141","482415","313545","223637","301492","251385","235936"
"2025-08-01","2070468","1230483","968340","545844","303164","349698","275322","244239","255871"
"2025-08-02","2001161","1314809","867164","507741","279925","347417","315016","325264","222199"
"2025-08-03","1719563","1373669","1038946","599351","301211","307576","286657","308941","223315"
"2025-08-04","1670541","1435937","879407","464592","287906","327556","278911","260037","177008"
"2025-08-05","1739973","1325715","903797","465716","303318","268545","283746","231260","208376"
"2025-08-06","1506479","1333938","808667","546542","291561","236842","247971","201306","214991"
"2025-08-07","1664494","1129121","861889","502897","271824","275638","298105","271945","228646"
"2025-08-08","1871033","977179","898330","435499","272580","308577","303769","242734","181669"
"2025-08-09","1956974","1310867","980968","560240","327287","229852","298432","296617","225655"
"2025-08-10","1819443","1357726","922909","622076","299943","248621","280900","312669","197347"
"2025-08-11","1683849","1283952","939548","565100","310887","193275","288863","273071","191947"
"2025-08-12","1701959","1168287","870567","530096","315666","274890","288479","271058","155799"
"2025-08-13","1619468","1155261","975392","437419","287196","227619","326583","284620","219945"
"2025-08-14","1639237","1168139","818553","526348","328383","288571","262757","283711","235545"
"2025-08-15","1864643","1138818","864209","541302","306497","307426","223675","276318","258539"
"2025-08-16","1765675","1222864","1022729","584722","308033","253212","253598","259361","199225"
"2025-08-17","1738504","1111321","1001128","622902","407770","249062","262005","264390","181751"
"2025-08-18","1566934","1093727","887252","531643","312099","316596","256117","260652","158631"
"2025-08-19","1612986","889150","875530","487716","269242","259859","245820","234646","193970"
"2025-08-20","1853603","1099340","916160","572348","312197","233935","280473","275238","239790"
"2025-08-21","1872511","1106094","900211","569106","291680","281636","318244","217110","229445"
"2025-08-22","1979014","1205836","937719","527261","326812","262058","349457","295317","164703"
"2025-08-23","1913604","1347630","906467","614406","308050","313434","290650","235578","183294"
"2025-08-24","1940089","1266043","990619","653806","312005","240674","302432","247944","186101"
"2025-08-25","1901670","1280682","982944","478981","367186","231314","261985","248320","195668"
"2025-08-26","1782908","1197312","772379","485789","327463","286999","280270","256803","200092"
"2025-08-27","1782355","1184142","783034","489707","303865","266998","258204","254337","207207"
"2025-08-28","1830597","1381803","822491","480087","351318","354529","284515","277642","183394"
"2025-08-29","1916709","1027546","866055","522651","277044","353305","282750","270355","169445"
"2025-08-30","1925072","1202734","1000150","602993","308882","295887","297254","267371","161280"
"2025-08-31","1830375","1138097","1007679","720651","281772","194399","263587","281307","169252"
"2025-09-01","1796412","1092375","911477","581574","311046","213842","216121","191898","167721"
"2025-09-02","1642028","959880","781267","532577","287779","209964","283786","165667","162482"
"2025-09-03","1664960","1115228","820728","565032","275069","233548","237031","159232","165004"
"2025-09-04","1644608","1084403","612302","507385","319083","284291","302017","167492","166355"
"2025-09-05","1813209","947058","814612","498508","276833","310071","268878","233602","246123"
"2025-09-06","1824985","1156752","810634","576507","305372","244046","274149","233065","204900"
"2025-09-07","1752881","1240390","943430","619386","270643","228522","251618","220538","263332"
"2025-09-08","1702502","1333730","809449","519138","279082","266440","280789","206496","285396"
"2025-09-09","1633564","1148752","788703","457840","285759","226312","281719","175326","291931"
"2025-09-10","1667913","965802","777995","469027","302374","280784","298751","175184","250918"
"2025-09-11","1651766","1005436","780950","514174","272422","287294","317935","166556","219714"
"2025-09-12","1691337","1296461","907575","523816","236694","328089","328888","219382","243843"
"2025-09-13","1816508","1277017","1029096","595431","277940","308755","318368","253289","230589"
"2025-09-14","1815373","1206334","1037528","648761","303683","272436","297859","201744","241150"
"2025-09-15","1630507","1204471","984549","496333","253630","268788","272183","187745","224554"
"2025-09-16","1647413","1098700","1044011","509248","288152","266676","281683","139859","253606"
"2025-09-17","1613868","931925","852315","589234","257569","243225","332627","144797","235181"
"2025-09-18","1701176","992731","778136","495065","251699","290240","331895","128477","214371"
"2025-09-19","1812077","1182793","871012","529021","293237","277471","313606","206308","211175"
"2025-09-20","1782203","1187225","999757","655225","284915","283500","352220","241522","184855"
"2025-09-21","1828188","1126924","1038203","592923","317551","207413","344363","257082","202393"
"2025-09-22","1925895","1076013","902237","462587","259685","253658","301701","117235","190381"
"2025-09-23","1896293","958757","907898","483704","270774","274330","283503","125270","193492"
"2025-09-24","1858910","1089494","979545","497047","290370","228684","300142","145065","178875"
"2025-09-25","1928206","1073610","1114164","487078","296318","265465","307548","104723","163434"
"2025-09-26","1960724","1191242","1100438","513082","307175","307525","322622","171338","178548"
"2025-09-27","1962701","1183164","1178388","515919","334203","281590","278818","221523","170658"
"2025-09-28","1938503","1155869","1370645","615514","325130","238694","296188","235126","181691"
"2025-09-29","1775965","1208440","1061230","532255","341896","249487","237053","256892","159740"
"2025-09-30","1812201","1207723","1164352","471915","323377","243235","292393","106103","272013"
"2025-10-01","1777288","1007588","1042895","449340","295623","280983","310647","128032","189455"
"2025-10-02","1995438","1210145","866883","480244","238207","232206","292654","99470","196889"
"2025-10-03","1995445","1017070","1014382","510008","289751","340077","270998","188733","288494"
"2025-10-04","1870177","1236740","903610","583703","296171","259755","311706","230441","201099"
"2025-10-05","1909802","1204433","1093423","664807","271453","168737","290819","231793","207822"
"2025-10-06","1742271","1212951","952703","520748","232862","183486","276170","220257","166614"
"2025-10-07","1762404","1183451","912816","540103","262784","256937","261146","151993","198422"
"2025-10-08","1785882","1199066","896667","503241","237149","220488","265994","133147","152500"
"2025-10-09","1700849","1093782","1045116","514670","286984","270592","286882","170125","190521"
"2025-10-10","1785300","1090231","971474","498866","248417","316091","297240","237650","208158"
"2025-10-11","2046816","1402317","1100935","575409","269925","343170","302456","189444","199070"
"2025-10-12","1795205","1371902","1162437","596221","301909","242359","282843","185402","191577"
"2025-10-13","1814409","1272620","997023","554135","285568","210522","288567","132508","194846"
"2025-10-14","1922076","1070485","889049","546123","228366","213201","284643","142697","187274"
"2025-10-15","1937593","1091221","937704","621201","257593","154352","295540","170976","182404"
"2025-10-16","1913588","1249408","1069149","503651","239685","255313","309224","196301","181421"
"2025-10-17","1960377","1033886","1061556","519289","239427","289911","345574","230012","193204"
"2025-10-18","1966841","1409364","1144034","617893","269500","213011","364101","220775","209790"
"2025-10-19","1936115","1169528","1261736","628901","262082","180277","292937","207523","186196"
"2025-10-20","1680555","1088393","970813","545521","271700","171057","296214","177414","196336"
"2025-10-21","1692348","1127080","861347","544100","238036","219927","276525","127538","210499"
"2025-10-22","1686684","1141036","988129","565552","223840","204542","300579","134926","208872"
"2025-10-23","1790980","1341388","859918","504129","282787","241243","304977","183249","245659"
"2025-10-24","1994261","1144655","1084637","574773","314680","270067","272950","218815","220299"
"2025-10-25","2055718","1174952","1267932","541329","261074","226138","289855","230875","209922"
"2025-10-26","1929954","1132013","1172290","656440","305936","176881","305522","242273","208971"
"2025-10-27","2041778","1126974","917551","618068","314111","191815","270516","150377","241028"
"2025-10-28","2137615","990117","889166","514478","324056","215440","269182","142513","239267"
"2025-10-29","2153294","1137841","872292","527586","272406","191508","301702","195592","194370"
"2025-10-30","2055377","1080976","935617","473909","242480","185736","264443","163840","197785"
"2025-10-31","2074914","1224258","812915","540797","293007","211797","276661","209963","195606"
"2025-11-01","2097252","1137435","1078767","646783","242842","216095","278041","208838","228196"
"2025-11-02","1958474","1232901","1013809","726445","311867","202254","262457","223729","197329"
"2025-11-03","1950661","1103525","938714","540872","273545","199225","274612","134497","205632"
"2025-11-04","1756292","1133758","812109","490800","284429","211677","303329","144593","204083"
"2025-11-05","1918559","1120544","903039","530298","250774","243006","279597","183022","181864"
"2025-11-06","1853375","1135373","923382","544036","237716","256168","250869","152050","178720"
"2025-11-07","1914202","1015130","900254","518096","289375","305646","312101","194565","205126"
"2025-11-08","1888673","1279948","931354","641958","307409","254116","276536","195964","245391"
"2025-11-09","2009710","1255760","1021738","666595","314794","189277","298593","230912","230218"
"2025-11-10","1915688","1029064","858789","561434","288247","210185","309851","162644","191262"
"2025-11-11","1822656","1025505","862248","524487","272167","225035","246343","171403","148087"
"2025-11-12","1731119","1179235","843101","546403","244134","206736","245771","170443","175739"
"2025-11-13","1774997","1115038","936289","523778","294503","288754","243454","166207","165902"
"2025-11-14","2019593","1190427","987970","529773","267846","307220","253546","218213","196311"
"2025-11-15","1926284","1228054","1033699","563701","302080","289516","330202","233546","181471"
"2025-11-16","1996009","1229254","1114577","688715","277223","221956","316676","237808","186643"
"2025-11-17","1855074","1156273","928910","511848","297187","249272","244160","139947","175160"
"2025-11-18","1819784","1269211","958549","460762","273446","242113","273088","142012","200008"
"2025-11-19","1833349","1075063","787575","488438","259420","265656","277612","104002","199782"
"2025-11-20","1999622","1129574","858633","698714","302789","324429","274325","178467","162731"
"2025-11-21","1918572","1394549","920917","535731","310357","320886","296945","210946","165296"
"2025-11-22","2007418","1258680","1024853","552737","312564","283171","309869","168809","188928"
"2025-11-23","1993418","1238931","1057518","619954","321478","240010","302325","203522","181064"
"2025-11-24","1914630","1163366","998066","555644","325721","292567","269411","140659","172601"
"2025-11-25","1792482","1244746","864375","549613","332714","310822","296856","192786","189409"
"2025-11-26","1764842","1050768","951752","493182","286221","283688","271818","152024","130814"
"2025-11-27","2039918","1319092","965235","464908","298529","286032","313972","159601","176189"
"2025-11-28","2032473","1305318","932621","451100","324738","307901","280689","213283","174673"
"2025-11-29","2062595","1374526","968797","553525","280672","207902","317161","265071","188546"
"2025-11-30","2109739","1198334","1056389","607966","300659","276783","289001","255067","154386"
"2025-12-01","1889071","1076909","955959","432287","300380","241536","275819","182064","159669"
"2025-12-02","1893219","1168244","962928","494306","309776","234155","260919","172893","185333"
"2025-12-03","1767652","1199197","962684","457617","310727","267701","273398","176070","178994"
"2025-12-04","1926553","1406663","836321","459291","348334","268625","321671","180826","193463"
"2025-12-05","2088628","1169944","863885","503652","254722","278924","294128","213872","200701"
"2025-12-06","1997941","1221096","933506","523629","286298","300356","300561","234133","245071"
"2025-12-07","2049122","1372031","1124737","604007","278050","186514","280851","206196","275439"
"2025-12-08","2004865","1155122","985401","535873","307901","305152","299406","209756","264327"
"2025-12-09","1859737","1319061","912785","526313","356324","251149","274749","177697","230330"
"2025-12-10","1889278","1351076","956492","524398","371648","255791","303037","184155","254960"
"2025-12-11","2094014","1242019","878234","554381","353027","320058","329542","170119","294808"
"2025-12-12","2016652","1229478","1061946","558089","384328","332092","337700","254678","252319"
"2025-12-13","2097532","1213141","1030010","559009","305056","278415","259289","283685","237383"
"2025-12-14","1920536","1332078","1106431","645279","416118","285272","305943","187547","222201"
"2025-12-15","1913962","1232553","982196","470160","335448","263043","294268","195450","180962"
"2025-12-16","1947451","1353588","984019","517225","311954","224470","294640","184425","227459"
"2025-12-17","1792523","1264786","933888","481671","329160","240602","274735","195214","193708"
"2025-12-18","2040728","1362080","942386","509459","316541","274476","267726","190014","245215"
"2025-12-19","2065876","1282913","967380","536562","336896","290572","292085","210187","188787"
"2025-12-20","2091050","1210610","868929","599991","323099","287699","306382","180608","248595"
"2025-12-21","2030872","1493150","958500","592991","309036","272818","278547","187047","190256"
"2025-12-22","1913489","1281609","1013308","508917","336486","286588","280449","183822","188700"
"2025-12-23","1968165","1250642","955927","534555","291097","279524","300120","200624","177766"
"2025-12-24","2313982","1271264","974188","608633","354061","222197","300541","194819","182858"
"2025-12-25","1965866","1531875","1205801","718035","359187","272052","330000","204632","259340"
"2025-12-26","1871089","1337930","1010648","578224","288640","278410","229400","148855","281474"
"2025-12-27","1748124","1360288","874748","587807","323931","260910","300781","223133","252021"
"2025-12-28","1857186","1323317","1210851","715084","356962","187415","286621","195971","252859"
"2025-12-29","1942356","1300868","1025406","562266","320351","203535","299893","157703","262371"
"2025-12-30","1886850","1315503","1006685","644075","290179","179164","318061","171351","230652"
"2025-12-31","2058466","1265324","1055260","668381","278823","196509","310659","193709","248705"
"2026-01-01","1846218","1417987","1158670","654802","353021","188865","291894","212934","207523"
"2026-01-02","1752501","1347460","1067336","689035","278769","266106","281091","208913","230709"
"2026-01-03","1791027","1319768","976200","675605","320664","207690","296761","177947","322413"
"2026-01-04","1585729","1245888","1054084","713213","294964","185727","302685","177015","267181"
"2026-01-05","1700388","1293941","1009160","543094","310727","194355","271185","177977","243565"
"2026-01-06","1748754","1264746","956762","566225","332376","182132","252349","117764","233405"
"2026-01-07","1666828","1314907","964242","568281","306602","201736","293094","171855","251927"
"2026-01-08","1683104","1213684","964912","543159","288544","294513","248941","163283","240945"
"2026-01-09","1663719","1121555","880957","520979","291078","310806","266705","165058","253668"
"2026-01-10","1762377","1204713","1059642","557287","286046","364811","246384","211719","271607"
"2026-01-11","1796465","1373520","970746","605575","334129","289590","298815","204381","296036"
"2026-01-12","1640888","1195397","976106","553720","312488","336903","232676","139038","207544"
"2026-01-13","1684250","1170710","931721","491184","293067","292734","236924","156657","205010"
"2026-01-14","1713808","1110376","985042","549074","308668","290044","261470","142548","225422"
"2026-01-15","1660400","1171136","948957","555185","267314","324415","267211","139434","253619"
"2026-01-16","1739947","1126481","897310","550121","289804","213299","285145","162173","275431"
"2026-01-17","1830332","1409409","942484","561173","303797","199317","289469","184471","261121"
"2026-01-18","1752973","1222701","963683","598784","280414","299869","333311","184231","235519"
"2026-01-19","1534254","1151625","1013540","527371","251911","274293","272938","182689","237590"
"2026-01-20","1539565","1338056","912569","473542","316526","313733","244376","179291","219269"
"2026-01-21","1603393","1035950","858042","509020","278782","304679","258297","205252","242684"
"2026-01-22","1607285","993249","866493","536919","298764","274255","252236","169760","304131"
"2026-01-23","1633011","1234170","995997","547964","311746","310363","253848","187652","244908"
"2026-01-24","1746252","1580264","928375","541256","263793","274401","235526","238990","227895"
"2026-01-25","1712671","1446164","1010657","612591","302624","210886","267308","274806","203234"
"2026-01-26","1574276","1309512","957180","495094","254882","234569","214652","175194","188191"
"2026-01-27","1536324","1207026","716349","483746","265680","235400","203984","145889","219159"
"2026-01-28","1606616","1148332","720599","545239","284338","235057","244712","210718","201802"
"2026-01-29","1519764","1242207","814584","487801","308664","250103","232831","210662","212209"
"2026-01-30","1688328","1274593","825082","597226","254683","397709","276690","178573","198827"
"2026-01-31","1812384","1441240","817364","522045","265014","243910","228803","189049","182032"
"2026-02-01","1669849","1413345","1027835","612943","291835","307053","229496","197110","195911"
"2026-02-02","1540304","1157346","909252","498352","288377","237099","240478","202258","202828"
"2026-02-03","1473050","1184265","877990","497905","243269","273239","253877","144133","225126"
"2026-02-04","1514554","1239942","923399","488131","274806","237225","228450","160523","215144"
"2026-02-05","1500494","1057394","878738","475561","242173","323969","287347","117457","227508"
"2026-02-06","1616127","1215772","785997","528672","270695","365393","240122","164021","223543"
"2026-02-07","1807667","1415252","833461","516272","246603","397458","272930","157013","205921"
"2026-02-08","1592186","1291018","932543","522293","249902","308388","260621","177614","203528"
"2026-02-09","1490293","1401568","830204","510089","258758","232106","228829","186911","220964"
"2026-02-10","1567603","1237072","801110","518103","241061","286229","231904","159581","225604"
"2026-02-11","1487227","1260471","774953","424501","305090","282981","261859","139826","200879"
"2026-02-12","1518725","1225042","739892","468687","262127","391225","238130","176603","217708"
"2026-02-13","1603800","1435562","758913","495318","286437","315309","271780","171584","216799"
"2026-02-14","1758663","1187071","813662","594403","277866","311898","320144","232100","267183"
"2026-02-15","1683548","1262396","968534","561641","279221","192697","224229","226347","206301"
"2026-02-16","1618631","1457476","829482","613752","282142","300462","268750","255456","244013"
"2026-02-17","1661920","1233488","782893","566243","235730","310917","244495","221049","210125"
"2026-02-18","1541122","1181451","774439","551480","269924","266714","277334","270127","163122"
"2026-02-19","1527038","1160409","836199","519167","291300","355736","248967","234979","219005"
"2026-02-20","1781371","1170748","802712","518618","274406","348191","237893","245320","200021"
"2026-02-21","1742600","1243696","900128","544478","287067","349381","243377","231221","223647"
"2026-02-22","1731237","1157550","975482","626818","339799","398332","228526","185890","200003"
"2026-02-23","1556217","1283689","931477","459724","262114","217595","206798","185067","171060"
"2026-02-24","1607839","1166327","807681","459215","316579","299605","222750","138113","230164"
"2026-02-25","1501765","1148451","906591","430734","242065","366508","233054","182413","204728"
"2026-02-26","1430446","1225610","808191","479379","279969","396636","225161","160065","228470"
"2026-02-27","1588339","1150178","847654","464667","239719","361295","189664","209574","214619"
"2026-02-28","1641415","1351676","811145","556098","290998","313662","237640","205449","145028"
"2026-03-01","1564806","1271741","924529","634126","315740","358864","193787","199030","238753"
"2026-03-02","1293247","1151771","840953","490752","262992","284434","186048","159268","164970"
"2026-03-03","1416782","1284714","740183","451230","249868","304114","193245","178441","248995"
"2026-03-04","1490083","1126970","815139","440085","245817","295042","211908","137253","233411"
"2026-03-05","1544752","965531","707388","425458","253699","343502","193665","118465","246885"
"2026-03-06","1620115","1062314","821291","396137","268617","366424","207353","120576","276215"
"2026-03-07","1790710","1134226","839629","573412","250630","303685","217270","139011","198101"
"2026-03-08","1704992","1240387","882496","542666","293811","325529","207841","149313","264286"
"2026-03-09","1546917","1024865","995757","471933","220350","223589","172085","133658","176995"
"2026-03-10","1627289","1004810","651000","454126","272465","369270","211496","114877","188565"
"2026-03-11","1585763","886573","644573","519610","240839","320482","186006","103359","189110"
"2026-03-12","1611718","1027265","699624","448008","289283","306683","190040","109195","183360"
"2026-03-13","1679122","1163004","840457","479332","256062","250084","210834","160038","199310"
"2026-03-14","1776034","1066145","851763","526177","247712","342174","209279","192885","223398"
"2026-03-15","1659759","1258278","806079","486090","290076","272013","188794","148239","240919"
"2026-03-16","1729067","1274029","840704","365043","209960","241819","208532","99122","244122"
"2026-03-17","1578691","1285316","724379","397475","270626","325797","177912","90187","223402"
"2026-03-18","1676667","978675","677263","398402","264173","316636","178254","117165","161041"
"2026-03-19","1713768","1019581","773384","443086","248476","282209","207602","101615","182911"
"2026-03-20","1916119","1103572","796512","490690","282643","349898","174082","131889","219188"
"2026-03-21","1827884","1067470","883991","569416","288263","315583","225316","153904","236623"
"2026-03-22","1781272","1053213","804445","530570","337302","346492","194945","157740","262108"
"2026-03-23","1725061","1225426","695660","362899","271013","336395","169105","104660","191897"
"2026-03-24","1784748","1128978","779931","350242","283931","368069","196474","96480","205869"
"2026-03-25","1850837","1129723","767094","415718","290875","317607","195335","91580","165679"
"2026-03-26","1789256","923520","823642","405395","240041","231795","172552","139374","175698"
"2026-03-27","1945281","1024886","855164","356663","246155","264847","211123","166217","163942"
"2026-03-28","1836050","1123194","779523","514082","298589","258317","239039","158560","225697"
"2026-03-29","1940805","1227704","927419","511418","277121","194730","194332","153917","148164"
"2026-03-30","2137342","1050621","940003","413379","276288","191602","202169","131435","178114"
"2026-03-31","2122247","990235","965323","394794","256196","258605","180674","117495","167795"
"2026-04-01","2009872","940657","784480","427011","260911","227515","198350","110990","178309"
"2026-04-02","2078422","1048765","892206","475615","281038","286285","202014","108223","205758"
"2026-04-03","2207528","1175781","920322","558738","327959","322685","225424","173343","211358"
"2026-04-04","2408668","1263142","1019748","583296","318673","239058","205761","202976","160353"
"2026-04-05","2287994","1359657","937218","575156","284534","219484","226896","212779","140255"
"2026-04-06","2173449","1146971","838777","441522","287764","161498","224681","162867","152381"
"2026-04-07","2125731","1168045","813811","432461","255090","176276","184016","145081","192960"
"2026-04-08","2387416","1091426","884003","383577","252342","189543","177884","140069","180456"
"2026-04-09","2314138","961895","952119","360912","252976","291502","211587","119575","136607"
"2026-04-10","2451677","979453","804186","446678","242261","288929","216912","157190","151010"
"2026-04-11","2357267","991291","857358","476025","269918","239205","216127","196406","141889"
"2026-04-12","2239041","1343080","833737","597579","286316","200108","193668","206035","134262"
"2026-04-13","2223933","976886","822711","424132","267882","221087","204188","134790","137215"
"2026-04-14","2284300","947790","780295","466282","267446","239243","187788","101822","132847"
"2026-04-15","2398186","806224","738763","400250","273110","208321","195646","88844","154558"
"2026-04-16","2443851","1016338","820159","465075","258534","298890","229098","117014","174550"
"2026-04-17","2503986","1056764","717280","389284","288810","276616","222735","148148","190796"
"2026-04-18","2502984","1016875","814546","493175","273983","277396","207246","188769","183978"
"2026-04-19","2342977","1118231","857833","544608","330268","253937","228869","162828","158839"
"2026-04-20","2253226","945886","911657","576665","267069","197128","237148","85037","152155"
"2026-04-21","2281068","907375","715665","502552","277564","235530","201459","130028","171362"
"2026-04-22","2457245","985122","788962","425732","254608","296139","235855","142799","187720"
"2026-04-23","2544347","837653","856990","491845","294085","270712","215919","103425","168404"
"2026-04-24","2511381","939041","777337","386054","242180","277374","210109","143908","194795"
"2026-04-25","2639307","1007771","871478","543625","325733","347122","207117","145815","146528"
"2026-04-26","2533426","1053053","1019485","564796","366488","262219","197054","143537","200634"
"2026-04-27","2617720","950418","954423","470279","291301","246260","204684","140517","255687"
"2026-04-28","2638981","1008343","858881","432294","258729","244865","190563","136684","178195"
"2026-04-29","2680915","1075177","935723","464443","258378","256908","226224","179587","201503"
"2026-04-30","2728865","1159023","813062","482295","307117","347920","224041","114040","212545"
