"날짜","대만 수익 ($)","미국 수익 ($)","일본 수익 ($)","태국 수익 ($)","대한민국 수익 ($)","홍콩 수익 ($)","인도네시아 수익 ($)","말레이시아 수익 ($)","브라질 수익 ($)"
"2025-04-21","5241.69","25192","1738.06","1874.88","1621.2","1605.57","336.06","311.31","1977.14"
"2025-04-22","25844.18","39383.84","16657.65","8689.11","6125.04","3452.71","2049.96","2084.58","4818.53"
"2025-04-23","25863.28","33452.42","24372.93","10880.11","7303.55","3999.87","2826.21","2463.63","5889.66"
"2025-04-24","15875.18","41021.95","27322.78","11624.23","9169.46","4992.46","3531.48","3483.34","7445.23"
"2025-04-25","18212.06","43944.04","25976.88","14155.2","10224.5","5620.36","4534.55","3867.56","9589.96"
"2025-04-26","22585.99","43873.04","23529.02","13756.6","12004.96","5632.02","5587.59","3825.93","10531.33"
"2025-04-27","18298.42","38156.65","20353.34","12076.19","11745.47","6630.4","4548.27","3282.52","10662.97"
"2025-04-28","19603.1","40193.26","20346.95","11178.9","10559.35","6323.52","5138.64","3409.79","8168.36"
"2025-04-29","14303.08","30706.29","20310.86","10990.66","9133.32","4140.23","4217.55","2833.49","6574.36"
"2025-04-30","20449.05","28412.11","23584.04","15639.21","14929.93","4363.53","4701.01","3342.69","7261.44"
"2025-05-01","25729.54","29365.63","38459.6","13137.57","17596.77","4197.81","4386.27","3741.47","8799.65"
"2025-05-02","19278.99","29028.96","22381.63","11617.04","10018.01","3244.18","3728.07","3504.1","8012.39"
"2025-05-03","20704.41","32580.4","23389.93","10727.19","12297.21","3868.31","3895.83","2900.4","7677.9"
"2025-05-04","17534.99","26854.67","17772.97","9273.88","9989.88","3467.01","3684.18","3122.5","7342.31"
"2025-05-05","26539","29600.18","18679.99","9178.88","10648.64","3608.51","2947.55","3051.37","5748.56"
"2025-05-06","17408.25","22289.89","18533.28","8081.27","10653.93","4333","2875.31","2801.23","4864.85"
"2025-05-07","23242.85","18988.22","17191.61","8849.83","9301.82","4417.2","3641.75","3320.43","4808.91"
"2025-05-08","20214.41","21159.57","13743.9","8404.35","10022.29","4521.11","2999.43","2792","5751.13"
"2025-05-09","21767.25","19679.86","15113.15","10159.66","14441.96","4026.13","3325.98","3383.22","4594.4"
"2025-05-10","27805.24","22346.53","15386.48","9435.69","12992.26","4438.56","3645.08","2603.34","4677.25"
"2025-05-11","25911.03","20885.87","15563.18","8953.7","10024.36","3699.04","2609.36","2237.57","4353.84"
"2025-05-12","20704.25","15775.28","11166.37","9176.9","8669.41","3714.42","2739.77","2462.26","3662.79"
"2025-05-13","22945.65","14086.27","9004.07","9344.57","7573.48","2799.45","2547.32","2379.74","3457.55"
"2025-05-14","21713.83","13115.71","10310.11","7366.45","6387.57","3065.5","2285.41","2335.75","2547.52"
"2025-05-15","19222.79","14284.36","13139.17","6694.58","7648.6","3036.3","2496.01","2303.48","2691.68"
"2025-05-16","23432.18","23343.91","11217","8619.02","8147.84","3052.33","2732.1","2692.08","2891.4"
"2025-05-17","23913.3","20245.34","15227.11","7998.34","7592.22","3376.36","2962.95","2708.51","3143.21"
"2025-05-18","20075","18661.78","14073.38","5861.39","6258.11","3435.62","2790.14","2321.95","3066.52"
"2025-05-19","20052.6","14548.94","10817.83","6272.21","5116.14","3183.15","2266.51","1911.17","2378.31"
"2025-05-20","12411.17","14116.26","11147.52","7655.4","5984.47","2350.34","2093.64","2186.62","2546.91"
"2025-05-21","18194.39","14487.61","8077.94","6104.8","4665.7","2770.5","2289.71","2001.57","2358.97"
"2025-05-22","18399.55","18823.36","8975.16","6337.54","5812.72","2118.33","2330.6","2362.87","2305.35"
"2025-05-23","16497.26","19076.44","10336.71","7453.09","5148.64","2923.3","3115.42","2750.9","2084.66"
"2025-05-24","17555.57","16321.43","11378.97","7360.37","5120.42","2531.37","2710.16","2093.73","2312.64"
"2025-05-25","15259.14","15277.45","11438.89","6468.32","4072.74","2804.66","3163.71","1830.78","2182.84"
"2025-05-26","16734.88","13975.7","8785.02","7509.16","3694.84","3151.76","2931.53","1841.79","1937.76"
"2025-05-27","11969.04","9604.64","7871.5","7973.62","2987.85","2487.32","2189.41","1761.16","1845.07"
"2025-05-28","13816.69","10287.4","6467.73","6765.54","3158.1","1891.43","2162.75","2610.2","1659.78"
"2025-05-29","17729.58","12442.31","6051.96","7556.33","3708.97","2766.69","2469.22","2460","1558.75"
"2025-05-30","16695.23","14157.06","6866.51","9309.48","3330.37","2709.84","2558.42","2738.84","1922.61"
"2025-05-31","20510.24","12532.95","9967.13","7373.4","4495.44","2728.83","3064.88","3246.93","1992.34"
"2025-06-01","21756.83","11506.7","14631.27","7520.02","6093.86","2560.22","3502.2","2909.05","2198.07"
"2025-06-02","17899.04","9894.26","9309.77","7457.37","3502.46","2857.06","3059.76","2104.78","1705.15"
"2025-06-03","16936.07","9724.91","8488.92","6872.81","4358.3","3070.17","2981.64","2093.7","1675.05"
"2025-06-04","16147.82","9230.79","7905.11","6042.45","3203.16","2334.93","2507.67","2086.98","1694.74"
"2025-06-05","19883.63","10437.02","6938.7","5279.51","3993.42","2648.21","2724.52","2885.53","1875.24"
"2025-06-06","21558.03","10607.19","5790.12","5414.32","4013.42","2696.8","3827.43","2697.99","2391.94"
"2025-06-07","20209.72","9248.37","7050.48","5711.84","4003.21","2789.21","2849.88","3125.4","2321.2"
"2025-06-08","17162.49","8431.14","7109.03","5143.82","3055.02","2696.28","3008.44","2237.98","2278.94"
"2025-06-09","18390.72","6975.11","6411.38","4099.26","3348.4","2204.65","2509.8","2310.27","1996.77"
"2025-06-10","17361.3","6843.5","6322.41","5514.27","3583.55","2382.92","2874.34","2517.29","1792.21"
"2025-06-11","15507.06","6593.57","4988.7","4783.83","2865.39","2086.18","2106.91","2059.83","1639.38"
"2025-06-12","19012.83","6693.76","4328.74","4777.8","2652.91","2821.72","2267.24","2266.41","1679.68"
"2025-06-13","17897.69","9082.74","5001.5","6862.52","4567.34","2672.45","2609.03","2228.36","1719.14"
"2025-06-14","16552.92","8628.95","5808.82","6036.03","3967.53","2646.43","2349.65","2096.72","1598.66"
"2025-06-15","16917.03","7115.36","5734.42","6067.39","3857.76","2300.04","2862.69","1830.37","1536.35"
"2025-06-16","14385.89","6347.27","4994.62","5068.99","2761","2997.32","2089.27","1750.04","1152.96"
"2025-06-17","12735.24","8937.55","4922.79","5028.59","3053.56","3399.11","1895.07","1646.81","1145.2"
"2025-06-18","12618.32","8009.25","4155.09","4512.93","2921.97","2191.09","1683.88","1623.08","1177.94"
"2025-06-19","10645.91","9299.96","3193.41","4122.05","2662.3","2664.65","1862.94","1478.33","1439.31"
"2025-06-20","13312.75","7478.13","4212.15","5888.9","3140.54","2662.91","2223.48","1729.14","1242.46"
"2025-06-21","14079.4","7960.34","4863.95","5098.86","3025.02","2679.29","1931.92","1641.55","1326.43"
"2025-06-22","10377.6","7075.2","4615.73","4767.1","2312.63","1891.2","1945.65","1502.65","1341.35"
"2025-06-23","12129.85","6962.75","4244.66","3930.85","2061.57","2367.46","1479.54","1217.12","1001.15"
"2025-06-24","9791.98","6052.67","3317.79","4754.57","2282.23","2094.01","1728.56","1358.48","1009"
"2025-06-25","11908.41","6692.8","3834.05","6556.97","2416.6","1985.29","1662.37","1374.64","1118.54"
"2025-06-26","10473.38","6876.5","3123.41","5018.03","1331.68","2022.81","1819.24","1706.41","1108.82"
"2025-06-27","9168.93","6849.75","3243.44","5685.54","2132.56","2036.9","1944.98","1939.41","1233.98"
"2025-06-28","9053.57","5986.1","2888.11","4456.82","1948.76","2360.41","1994.59","1647.81","1219.25"
"2025-06-29","9130.73","5597.92","3704.25","4917.38","1824.84","1874.31","1583.26","1500.94","1210.19"
"2025-06-30","10248.56","5749.71","3633.2","4570.78","2469.22","2039.12","1583.17","1559.2","1110.76"
"2025-07-01","12743.01","5452.74","8871.62","6112.4","2766.24","2119.69","2085.72","1623.27","1059.73"
"2025-07-02","11584.78","5940.38","4278.6","5362.75","2273.04","1828.4","2002.96","1490.44","1008.88"
"2025-07-03","14689.23","7566.26","3131.49","5936.51","2137.72","1840.39","2094.82","1759.35","958.02"
"2025-07-04","15952.19","7639.7","3976.67","5648.78","2332.82","1615.97","1836.32","2053.42","1240.94"
"2025-07-05","17045.05","6313.77","5239.52","4961.8","1894.23","1681.01","1919.13","1798.1","1349.7"
"2025-07-06","16883.66","6471.76","4344.95","4190.76","2159.08","1605.45","1981.56","1770.48","1263.54"
"2025-07-07","12941.29","5830.01","2924.92","4520.08","1717.57","1930.9","1914.8","1618.99","1046.68"
"2025-07-08","12802.97","13485.99","2970.82","4907.01","2205.93","3015.11","1833.35","1584.9","1457.29"
"2025-07-09","73283.53","29140.93","18840.86","17653.86","4192.63","6497.94","4515.62","4654.42","2202.16"
"2025-07-10","67279.95","28402.8","22908.05","14152.02","8215.21","8660.04","6113.58","4154.6","2417.37"
"2025-07-11","54741.39","24728.41","28170.83","13894.42","8682.81","7755.2","6902.67","4668.52","2761.05"
"2025-07-12","47853.67","19909.06","25909.68","13058.87","8623.48","6326.17","5478.89","3452.66","2962.01"
"2025-07-13","30565.81","19551.03","18690.6","9494.41","7801.79","4952.62","4736.27","2506.04","2895.08"
"2025-07-14","29453.83","12587.32","13533.18","8714.74","5811.97","4295.47","4631.48","2275","2417.91"
"2025-07-15","24959.91","13455.68","14233.86","9460.98","6960.88","3629","4703.97","2681.16","2163.53"
"2025-07-16","20239.45","14046.05","10762.38","7809.17","7136.77","3529.28","3878.68","2180.5","1932.12"
"2025-07-17","15355.81","13385.3","7695.86","6849.93","4946.61","3137.25","3351.51","1718.71","1533.37"
"2025-07-18","20102.08","13426.77","7350.41","5907.26","4698.54","3052.69","3783.48","1705.85","1435.94"
"2025-07-19","20377.85","13340.14","8396.76","5992.97","4470.62","3374.86","3353.67","1705.95","1518.68"
"2025-07-20","19524.1","10465.18","8276.6","5772.12","5166.75","2824.46","2381.02","1612.55","1272.88"
"2025-07-21","16650.34","7649.88","6870.54","5893.18","3692.86","3180.13","2212.25","1371.59","1104.02"
"2025-07-22","14374.61","8325.2","5170.22","4805.93","3037.95","2344.57","2234.13","1237.65","1250.13"
"2025-07-23","17236.56","8520.83","4981.5","5785.35","3588.24","2672.41","1908.38","1356.03","1225.81"
"2025-07-24","13897.7","8622.66","4709.55","5836.88","3789.75","2677.41","2914.75","1550.03","1110.39"
"2025-07-25","17009.98","11145.08","6002.83","7375.01","4477.97","2394.94","3344.31","1453.28","1177.34"
"2025-07-26","17407.17","9992.99","6165.48","7068.2","4726.31","2994.13","3403.92","1638.28","1168.95"
"2025-07-27","21630.32","8838.46","6131.09","6796.77","5482.85","3174.15","2971.08","1587.87","991.06"
"2025-07-28","18844.33","6175.75","5434.64","5891.7","3546.53","2455.76","2640.53","1513.42","879.21"
"2025-07-29","17965.57","7271.64","5368.13","5330.88","3464.46","2576.35","2426.97","1490.38","862.14"
"2025-07-30","18028.86","7982.3","4117.89","6000.4","3808.54","3083.41","2766.46","1548.48","908.46"
"2025-07-31","19708.35","7739.02","6962.64","10475.01","5259.93","3123.43","2460.62","1815.79","1055.24"
"2025-08-01","26787","9156.85","10838.22","9322.68","6728.7","2881.22","3135.91","2497.24","1282.85"
"2025-08-02","24405.67","8178.08","7812.25","8585.27","5512.09","3857.07","2799.91","1948.44","1189.45"
"2025-08-03","20446.55","8378.27","6544.88","6819.6","4644.14","2047.79","2606.5","1865.55","1064.38"
"2025-08-04","16807.05","7283.33","5586.72","5896.42","3886.33","2857.64","2195.58","1763.88","863.28"
"2025-08-05","21386.17","7352.4","6187.83","5929.09","3934.38","2564.51","2649.43","1956.16","1090.8"
"2025-08-06","16768.57","8287.17","4635.83","5074.29","3574.2","2296.83","2053.04","1719.93","1045.08"
"2025-08-07","20527.78","9168.32","4085.24","6022.07","4212.2","3028.72","1925.25","1801.07","975.52"
"2025-08-08","24416.89","9572.95","5233.15","7682.67","5011.47","2937.9","2768.04","2403.31","1121.79"
"2025-08-09","18980.82","8865.84","5069.91","6448.43","4389.05","2473.43","2959.92","2013.14","1118.94"
"2025-08-10","19417.86","9731.35","5915.63","5444.35","4362.82","2102.91","2335.24","1783.95","1301.8"
"2025-08-11","17089.03","8580.74","5179.76","5201.71","3648.13","2060.28","1963.78","1544.7","890.85"
"2025-08-12","13678.91","7468.6","5478.68","4340.71","3885.46","2112.95","2061.74","1432.97","1090.96"
"2025-08-13","13717.56","7647.26","4901.16","4190.21","4417.13","2318.52","1844.54","1427.58","923.26"
"2025-08-14","16645.1","7994.67","4464.17","5246.87","4279.12","2638.63","2324.24","1625.97","893.66"
"2025-08-15","18111.89","12806.82","5762.11","5654.44","6917.96","3358.9","2608.73","2132.28","970.9"
"2025-08-16","55075.21","17621.47","18143.91","7787.77","9470.31","3973.76","3693.07","2307.24","1036.1"
"2025-08-17","33145.03","12604.28","16376.02","6352.44","7484.13","4264.43","3057.48","1899.98","1013.45"
"2025-08-18","22924.1","10794.93","11985.12","5251.13","5507.88","3389.61","2627.32","1691.86","781.43"
"2025-08-19","18084.23","9265.28","7489.62","5938.83","5317.46","2330.34","2622.76","1585.64","960.79"
"2025-08-20","18198.87","10115.54","6439.13","4787.45","5295.43","2951.12","2031.13","1483.96","889.21"
"2025-08-21","17661.2","9616.73","5097.36","5795.77","5041.31","2814.13","2371.73","1379.94","885.77"
"2025-08-22","18963.11","10127.46","6166.63","5751.68","4538.4","2846.7","2147.78","1577.78","878.94"
"2025-08-23","18990.05","10325.81","7014.15","5375.84","4720.94","2810.92","2057.1","1780.12","933"
"2025-08-24","15600.54","12242.76","6440.92","4678.09","4103.83","2904.73","1550.98","1334.76","914.07"
"2025-08-25","14794","10222.11","5972.79","5201.91","3632.04","2704.91","1796.22","1270.1","767.08"
"2025-08-26","12365.48","9412.28","5348.86","5044.96","3512.05","2628.97","1632.21","1332.3","705.39"
"2025-08-27","12636.48","8394.87","5083.43","5052.33","3559.78","2664.22","1845.15","1242.04","890.86"
"2025-08-28","14596.77","9059.44","4727.83","4816.86","3752.36","2720.97","1838","1286.16","797.56"
"2025-08-29","13132.06","9554.88","4532.19","6815.13","3424.48","3080.7","2127.07","1492.15","973.75"
"2025-08-30","12926.8","7897.12","4917.49","5393.31","3416.76","3058.59","1887.55","1408.17","985.12"
"2025-08-31","15671.48","7581.68","6536.47","5208.01","4239.83","2831.45","1950.83","1818.32","892.55"
"2025-09-01","18459.12","7021.27","9320.03","5700.38","4903.61","3236.39","2045.43","1744.23","752.85"
"2025-09-02","12303.64","6484.82","5543.93","4718.27","3100.81","2350.99","2090.71","1517.04","790.74"
"2025-09-03","14703.72","6455.36","4631.72","4661.67","3159.22","2664.69","1567.06","1337.24","801.35"
"2025-09-04","13262.27","7894.72","3739.05","4799.08","3405.64","2508.61","1937.48","1980.95","745.45"
"2025-09-05","18568.41","8581.77","4484.78","5380.15","3318.07","2934.68","2190.3","2165.49","886.95"
"2025-09-06","20005.83","8946.99","4836.96","5581.72","3509.63","2921.02","1585.58","1948.66","940.44"
"2025-09-07","16378.49","7496.44","5448.26","4441.99","3122.62","3468.57","1516.79","1754.77","863.33"
"2025-09-08","12948.39","6270.19","4587.66","4079.82","2360.71","3506.97","1207.05","1448.6","746.64"
"2025-09-09","13368.13","5499.29","3820.08","3889.38","3219.84","2253.73","1142.98","1298.22","791.75"
"2025-09-10","15597.74","4936.83","3779.32","3529.14","3156.17","2419.58","1162.94","1226.51","765.29"
"2025-09-11","14141.09","7450.89","3909.23","4458.25","3543.16","2688.66","1485.2","1278.26","840.75"
"2025-09-12","18333.01","10128.75","4778.88","4666.15","3800.1","3158.37","1751.71","1496.77","747.26"
"2025-09-13","20954.12","8630.31","4840.5","3861.66","3438.58","3586.01","1368.93","1429.88","885.83"
"2025-09-14","15930.42","6821.8","4089.23","3307.65","3399.31","3461.31","1497.15","1294.46","688.38"
"2025-09-15","14240.59","6037.68","3876.17","3952.02","2668.28","3411.84","1149.28","1249.59","527.47"
"2025-09-16","12365.67","5574.58","3652.85","3323.08","1918.31","2639.57","1281.54","1270.22","745.01"
"2025-09-17","12446.83","5674.22","2847.46","3332.12","1781.27","3456.78","1343.31","1228.57","739.76"
"2025-09-18","10425.58","7159.1","2843.39","3377.86","2078.01","2832.78","1775.46","1459.27","616.6"
"2025-09-19","13733.52","7433.25","3289.79","3175.03","2261.31","3798.21","1632.43","1401.96","665.28"
"2025-09-20","18977.1","7941.16","3594.06","3175.38","2754.19","3675.25","1324.05","1309.82","725.53"
"2025-09-21","18166.23","8319.64","3437.74","3204.72","2740.39","3884.53","1313.79","1184.2","745.27"
"2025-09-22","17499.18","12450.82","3344.7","3175.93","2423.12","6955.89","1159.73","1188.04","557.36"
"2025-09-23","46289.7","24535.09","13006.08","6889.76","3596.33","11668.21","2094.57","2260.02","503.47"
"2025-09-24","51081.37","18594.1","12996.4","5427.83","1409.19","4775.8","1729.81","2850.32","479.75"
"2025-09-25","33576.57","30514.63","8867.62","8566.74","4761.66","7476.23","2686.68","2559.34","1158.62"
"2025-09-26","73212.93","27487.84","24524.32","9080.46","6968.2","8913.64","3121.58","3654","1227.42"
"2025-09-27","47862.64","19017.18","19020.97","6944.67","4905.54","6527.88","2561.76","2830.47","1462.16"
"2025-09-28","38010.35","15454.65","17774.44","5859.22","4505.88","6782.45","2527.2","2279.71","1465.65"
"2025-09-29","34864.58","14921.03","16413.41","7384.59","6135.57","6969.56","3464.75","2785.05","1538.45"
"2025-09-30","37011.33","15706.64","16324.82","11392.85","9066.6","7167.7","3806.84","3535.86","2167.96"
"2025-10-01","47003.14","15026.65","20781.75","8522.15","12210.97","7152.64","3244.92","2998.46","1954.97"
"2025-10-02","27975.26","15982.43","11242.17","7034.78","9429.02","5069.56","2311.63","2285.57","1343.69"
"2025-10-03","45996.37","12535.74","7937.96","5816.11","6291.81","5547.41","2309.46","2576.49","1240.31"
"2025-10-04","40406.08","12887.41","8235.83","5294.74","5296.49","5522.71","1922.75","2376.25","1291.14"
"2025-10-05","32149.37","12139.5","6343.31","4815.09","4891.79","4824.25","1773.15","2202.64","1268.5"
"2025-10-06","28643.61","11091.47","5634.91","4044.25","5262.2","6331.61","1507.72","2226.48","1229.45"
"2025-10-07","24935.44","10512.7","4502.17","3736.49","5833.12","5458.41","1590.12","2464.5","1182.57"
"2025-10-08","23085.85","9150.81","4166.84","3265.66","4850.27","5469.39","1417.5","1721.65","1153.1"
"2025-10-09","25709.48","10591.96","4491.72","3448.15","5248.1","5240.34","1338.52","1703.76","1120.93"
"2025-10-10","27911.55","11203.14","5115.97","4005.36","8002.03","5626.86","1596.82","2046.41","1082.12"
"2025-10-11","31804.03","9331.1","5123.94","4176.74","6312.92","5154.9","1470.68","2079.17","1048.18"
"2025-10-12","20223.14","8491.6","4790.42","3604.25","4974.01","4271.81","1317.92","1974.29","882.87"
"2025-10-13","17591.78","7543.03","4695.93","3809.77","4273.08","4272.97","1160","1497.26","807.29"
"2025-10-14","18194.65","7682.97","3975.15","4563.26","4103.8","3227.66","1764.24","1595.53","825.97"
"2025-10-15","24662.51","7026.13","4667.93","3679.93","4209.78","3684.01","1272.11","1782.41","746.25"
"2025-10-16","18804.23","9084.91","4054.99","3785.64","3657.27","3344.04","1240.79","1830.7","767.12"
"2025-10-17","21819.84","10177.52","4053.22","3713.52","3798.29","3443.02","1343.2","1830.28","777.74"
"2025-10-18","20437.26","8704.3","4625.77","3343.93","3262.71","4036.47","1142.52","1641.01","1007.53"
"2025-10-19","20377.41","7621.88","4086.1","3098.95","3446.17","4909.29","1187.98","1463.64","763.5"
"2025-10-20","17605.77","7427.95","4143.16","3733.9","3101.69","3319.01","1033.82","1639.59","680.44"
"2025-10-21","14754.3","6818.72","3540.46","3180.06","2592.91","1962.87","1185.83","1444.68","810.4"
"2025-10-22","12927.02","7798.16","2917.08","2737.58","2798.42","2534.44","1046.37","1761.74","773.75"
"2025-10-23","17504.66","14104.59","2946.65","3765.92","2847.73","3197.09","1000.3","1618.08","685.1"
"2025-10-24","17907.78","10068.89","4070.69","3408.55","2913.76","3307.67","1374.34","1921.74","852.98"
"2025-10-25","15145.07","8580.93","4089.48","3107.23","3013.62","2867.79","1280.51","1820.44","918.3"
"2025-10-26","12628.44","8333.45","4394.33","2550.25","3018.29","2663.73","1256.61","1566.6","1073.14"
"2025-10-27","14087.28","7194.12","3154.72","3062.18","2628.98","2832.82","1126.83","1390.12","730.22"
"2025-10-28","13944.9","6887.64","3641.56","4052.03","2777.64","2744.28","1619.65","1464.75","791.21"
"2025-10-29","12163.73","7503.38","3626","3134.48","2393.29","3054.49","1278.22","1852.61","739.39"
"2025-10-30","11461.72","13167.83","2904.64","3940.54","2167.89","3377.27","1250.6","1472.08","721.18"
"2025-10-31","16431.99","11161.13","5168.3","4939.3","3420.85","3404.71","1751.2","1380.55","856.33"
"2025-11-01","22473.92","11158.73","8257.01","5022.75","4683.84","4836.42","2020.54","1481.88","1202.14"
"2025-11-02","19516.24","7744.64","5505.37","4491.71","4128.81","3665.07","1618.05","1978.82","833.58"
"2025-11-03","19714.38","7035.75","4554.84","4134.81","3273.71","3501.28","1145.37","1677.86","749.6"
"2025-11-04","13764.62","5790.82","3998.05","3849.07","2899.27","2851.16","1307.97","1580.09","743.17"
"2025-11-05","15658.24","6096","4170.23","4161.28","2630.88","2721","1040.82","1433.22","741.62"
"2025-11-06","19164.47","6953.76","3063.76","4095.14","2653.84","2887.03","1062.78","1497.14","779.21"
"2025-11-07","23658.43","6517.89","3133.1","3792.11","2626.8","3582.75","1243.73","1757.68","848.5"
"2025-11-08","22782.29","6174.89","3967.04","4218.18","2841.3","5070.15","1199.59","1778.74","862"
"2025-11-09","20684.75","6193.57","4752.45","3968.47","2520.46","4179.2","1277.17","1694.8","849.56"
"2025-11-10","17385.04","4829.25","3879.72","3675.48","2350.45","3494.79","1143.31","1414.19","865.14"
"2025-11-11","18504.17","4827.34","3233.1","3599.88","2554.44","2891.14","1298","1455.06","985.91"
"2025-11-12","18124.03","4763.81","2602.79","2520.09","2116.12","2500.85","1211.24","1417.97","805.41"
"2025-11-13","17175.15","5618.12","1921.41","2925.78","1962.35","2682.73","1388.68","1642.29","848.03"
"2025-11-14","17597.83","5852.1","1510.46","2924.31","2515.8","2556.72","1522.58","1104.02","782.31"
"2025-11-15","17040.55","6403.36","1440.29","2326.51","2907.72","2691.62","1342.88","1153.96","918.6"
"2025-11-16","15720.1","6949.38","2644.88","2849.13","2445.78","3427.15","1307.38","1216.48","956.95"
"2025-11-17","23932.45","19433.78","2270.56","4110.27","3112.41","8495.25","1407.1","2246.27","1284.87"
"2025-11-18","89269.98","26738.4","14444.18","11618.26","5529.74","13601.49","3564.34","3330.04","1658.24"
"2025-11-19","80626.66","20724.75","13931.02","8924.71","4530.15","8005.07","2984.14","3917.41","1593.68"
"2025-11-20","52365.88","14980.59","7656.43","8966.05","3911.62","6773.43","2704.59","3189.58","1900.36"
"2025-11-21","61044.73","13274.4","5918.76","8087.8","4156.29","6728.28","3071.61","2910.76","1718.01"
"2025-11-22","43050.92","12016.72","5901.57","7134.8","3684.48","7158.68","2893.27","2704.39","1673.03"
"2025-11-23","35048.85","9765.35","5103.7","6412.02","3646.2","6395.17","2548.15","2331.65","1881.4"
"2025-11-24","23346.84","8058.83","3778.18","4792.92","2631.84","4966.54","1697.8","1777.68","1256.11"
"2025-11-25","18502.27","8492.99","4134.53","4471.69","2531.73","3301.38","1614.09","1521.5","1014.57"
"2025-11-26","14708.27","10000.23","3555.61","3907.85","1936.88","2113.51","1432.18","2340.25","1033.16"
"2025-11-27","16970.97","9077.7","2997.38","5254.96","1844.12","3626.54","1445.61","2111.28","1108.09"
"2025-11-28","19516.34","8113.75","4134.71","6201.62","2315.6","4252.78","2056.62","2859.57","1387.23"
"2025-11-29","17099.94","6773.03","4041.43","5623.63","2237.59","3899.22","1629.97","2390.19","1282.22"
"2025-11-30","22415.1","5393.95","5065.65","5865.29","3319.87","3099.52","1861.12","2042.99","1167.22"
"2025-12-01","24294.77","4749.92","6693.15","5903.51","3686.67","3050.07","1707.02","1905","1188.95"
"2025-12-02","17355.43","4584.7","4619.13","4405.37","2042.17","2724.19","1577.42","1742.3","957.85"
"2025-12-03","15956.18","4546.9","3842.44","4114.23","2237.42","1823.36","1476.54","1526.38","959.73"
"2025-12-04","18747.1","5259.49","3549.21","3296.75","2273.35","2517.03","1092.19","1600.26","813.24"
"2025-12-05","22761.76","5468.1","2545.64","3270.23","2311.18","3383.96","1527.26","1662.46","1039.2"
"2025-12-06","20904.36","5299.44","3727.23","2957.98","1979.95","3576.31","1423.52","1468.06","974.13"
"2025-12-07","16944.2","4606.22","3025.29","2639.23","1692.31","2891.98","1355.36","1791.72","899.38"
"2025-12-08","13938.16","4878.43","2104.3","2597.86","1557.72","3046.22","1169.97","1383.53","705.74"
"2025-12-09","11914.58","3735.18","1775.34","2455.37","2860.45","2740.34","1109.57","1178.95","816.37"
"2025-12-10","13452.93","4373.1","2321.92","2544.56","2533.65","2384.79","1240.8","1571.43","763.51"
"2025-12-11","12999.48","4889.31","2011.71","2876.75","2049.77","2804.3","1004.12","1446.67","673.04"
"2025-12-12","20437.11","5514.39","2218.3","3245.22","1973.21","2739.39","1403.39","1219.52","613.01"
"2025-12-13","16942","5543.36","2728.81","2874.25","2534.97","2908.19","1520.69","1121.59","710.53"
"2025-12-14","14016.58","4861.32","2387.69","2551.92","1834.48","2233.85","1178.16","1057.09","660.93"
"2025-12-15","12391.56","4034.12","2384.77","2654.82","1657.35","2377.6","1381.91","1004.58","513.6"
"2025-12-16","13659.06","4406.25","2015.22","2822.07","1912.4","2132.67","1070.25","1208.09","506.2"
"2025-12-17","19196.05","5602.36","2401.13","3673.28","2453.41","3581.39","1452.31","1738.75","617.37"
"2025-12-18","18849.49","6226.32","2382.27","3717.38","2548.78","2371.06","1425.58","1383.47","658.68"
"2025-12-19","17005.45","6296.99","3672.46","3925.32","2205.42","2607.55","1567.92","1329.29","848.79"
"2025-12-20","19135.59","6537.71","4206.35","3427.58","2276.8","2558.75","1307.04","1528.43","896.08"
"2025-12-21","14566.17","5433.62","3198.81","2694.59","1721.59","3249.13","1188.26","1268.53","899.99"
"2025-12-22","12387.67","5077.81","2657.6","2985.87","1283.36","3355.5","1138.72","1122.97","731.46"
"2025-12-23","14498.39","4966.25","1909.57","2786.28","1421.38","2540.22","1125.75","1243.14","712.59"
"2025-12-24","16336.73","6694.54","2762.6","3777.58","2122.89","3347.94","1626.35","1758.98","746.96"
"2025-12-25","18432.15","7759.24","3312.7","4062.77","2070.19","2733.08","1868.62","1414.72","868.66"
"2025-12-26","17625.99","6230.08","2532.69","3518.88","2170.66","2663.41","1298.16","1330.44","707.73"
"2025-12-27","13070.45","4855.5","1784.37","3415.78","2044.1","2168.14","1354.87","1357.26","693.14"
"2025-12-28","10795.2","4235.08","1871.66","3430.52","1669.45","2164.28","1206.11","1166.34","578.93"
"2025-12-29","9890.79","4688.16","1825.13","3435.61","1355.18","2137.91","1187.78","1186","568.97"
"2025-12-30","9694.12","4317.51","2497","4074.16","1353.16","1822.48","1055.47","1124.6","662.86"
"2025-12-31","12263.24","5772.87","1951.95","5136.09","2292.58","2330.82","1140.35","1478.92","799.5"
"2026-01-01","26484.55","5615.77","4487.84","5064.89","3220.61","3918.53","1775.83","1914.34","765.29"
"2026-01-02","13985.89","5074.8","3530.49","4643.51","2856.29","2707.04","1388.54","1444.49","780.12"
"2026-01-03","12943.73","4710.58","2967.33","3649.34","2092.81","2246.4","1350.3","1342.11","739.98"
"2026-01-04","13482.6","4088.61","3184.81","3356.53","2258.35","1954.21","1072.66","1147.05","850.93"
"2026-01-05","18489.19","3847.18","2827.76","2989.69","1568.01","2270.44","1180.49","1028.78","589.54"
"2026-01-06","14124.33","3491.67","2797.77","3174","1292.03","2563.3","1070.46","1295.64","520.28"
"2026-01-07","13264.31","3890.53","2392.43","2738.01","1234.53","2377.64","1040.09","1485.23","556.43"
"2026-01-08","12981.94","4321.29","2563.9","2759.19","1247.56","1979.95","971.42","1354.29","610.12"
"2026-01-09","17069.01","4717.31","2653.91","3232.07","2183.74","2938.41","1044.13","1588.22","573.22"
"2026-01-10","18223.63","4792.32","2006.97","3319.7","2353.99","2928.98","1054.65","1259.55","768.56"
"2026-01-11","15524.4","4058.55","2571.67","2780.73","1841.8","2772.84","969.56","1409.53","772.99"
"2026-01-12","11389.83","3030.92","2316.07","2553.99","1599.72","2583.6","802.64","944.3","626.47"
"2026-01-13","12323.86","2821.18","1685.28","2227.85","1162.33","1742.44","783.44","962.95","579.09"
"2026-01-14","15399.1","3478.91","1537.48","2284.99","1223.64","2232.53","726.04","919.92","486.89"
"2026-01-15","12460.09","3371","1409.53","2182.28","1010.43","2304.01","781.76","866.82","567.29"
"2026-01-16","12816.52","4305.68","1998.56","2756.29","1513.73","2271.51","956.65","1105.44","493.97"
"2026-01-17","14314.72","4168.25","1983.74","2131.84","1330.85","2766.12","816.02","1042.42","493.4"
"2026-01-18","12671.27","3740.4","2188.23","1962.46","1209.95","2376.34","761.15","983.29","485.13"
"2026-01-19","12109.72","4710.74","1381.33","2014.74","1212.51","2941.93","663.86","857.58","473.27"
"2026-01-20","32519.32","6323.65","4414.79","3383.75","2111.16","5761.34","1011.97","1030.39","696.63"
"2026-01-21","19469.57","5639.7","4614.37","3145.8","2017.02","3124.97","790.54","1034.72","575.06"
"2026-01-22","16978.76","6170.16","2998.04","2843.77","1633.87","3375.44","881.76","1089.23","506.32"
"2026-01-23","15660.73","6518.07","3230.45","3028.84","1806.11","3540.29","1017.41","1027.16","478.47"
"2026-01-24","16637.52","6138.13","3356.21","3034.47","1789.28","2697.28","1037.39","1035.04","639.76"
"2026-01-25","16742.8","5501.04","2397.18","2841.43","1665.33","2805.83","888","1132.76","597.64"
"2026-01-26","12642.59","4950.8","2283.94","2605.83","1602.75","2751.46","811.14","1115.81","504.63"
"2026-01-27","13079.59","4100.62","1840.5","2620.3","1320.1","2171.82","830.54","1048.13","463.88"
"2026-01-28","12516","3592.6","2026.34","2382.33","1087.67","2186.69","833.79","1241.5","388.47"
"2026-01-29","13676.14","3606.11","1286.39","2567.65","1057.19","2372.99","705.37","1350.41","457.14"
"2026-01-30","11776.97","3956.17","1976.14","3539.98","1206.1","2339.82","735.76","1518.17","543.24"
"2026-01-31","13526.21","4107.34","2370.22","3423.23","1117.85","2578.8","747.52","1086.06","524.95"
"2026-02-01","16240.52","3573.61","4039.22","3596.38","2563.6","2898.77","936.06","1080.15","533.18"
"2026-02-02","23608.72","11074.61","3293.54","5984.99","3314.01","4462.81","1847.53","1772.34","771.78"
"2026-02-03","81818.51","18413.76","13261.4","14162.46","4456.16","9326.6","3079.21","3305.96","1170.44"
"2026-02-04","65328.51","15228.83","14133.76","12229.58","4204.8","6364.73","3328.79","4158.45","1188.35"
"2026-02-05","47876.67","12567.25","8242.38","10426","3771.2","5615.23","3297.64","2894.76","1282.97"
"2026-02-06","54452.24","11165.42","6910.3","9655.79","3850.14","6344.05","3148.83","3746.67","1676.62"
"2026-02-07","43393.93","13309.65","6508.59","10293.42","3724.77","6391.71","2663.2","3154.29","2081.42"
"2026-02-08","38332.69","10815.38","5949.99","8880.51","4547","5498.09","2775.49","2647.28","2281.63"
"2026-02-09","45677.41","18567.04","5227.07","7545.17","4964.9","7643.87","2603.89","2597.69","1605.87"
"2026-02-10","82523.22","24112.59","13694.47","10916.43","7010.84","12086.11","3343.49","4454","1500.6"
"2026-02-11","78924.91","17815.47","12878.53","8501.39","5553.77","6015.25","2805.23","4511.66","1381.27"
"2026-02-12","71607.96","15480.2","8487.69","8673.56","5442.33","7230.55","2308.89","3671.8","1171.05"
"2026-02-13","57620.97","13229.09","7885.05","7744.49","5814.2","7720.64","2350.35","3702.91","1231.85"
"2026-02-14","59421.95","12643.13","6305.81","6845.2","6709.99","8036.05","2079.74","3609.09","1503.83"
"2026-02-15","44124.56","15890.63","6217.29","6625.63","6835.12","6423.07","2090.58","3548.91","1436.39"
"2026-02-16","94407.1","14257.19","6207.98","7484.62","6801.49","9955.04","2011.24","4940.45","845.28"
"2026-02-17","67316.79","9072.42","5851.62","6171.48","5932.93","6191.05","1739","3602.31","752.66"
"2026-02-18","65911.79","9340.7","4520.08","4959.91","5203.59","5328.72","1680.92","3472.29","581.41"
"2026-02-19","46211.01","10506.66","4008.05","5157.99","4898.49","4377.54","1609.49","3676.77","691.2"
"2026-02-20","48892.66","10199","4832.62","5986.26","4449.46","5288.68","1892.44","3436.49","817.22"
"2026-02-21","39569.35","10749.09","6264.41","7344.43","5008.66","5508.39","2284.78","3551.3","762.99"
"2026-02-22","40462.77","11244.06","5737.62","6315.76","3696.55","6730.46","1896.89","3386.07","936.34"
"2026-02-23","40345.12","10020.45","5127.72","5593.34","3036.1","6585.48","1585.22","2336.49","747.18"
"2026-02-24","31281.98","8469.02","4567.9","5358.24","3028.12","6228.03","1676.63","2937.35","715.36"
"2026-02-25","28889.03","7355.44","5598.27","5875.2","3094.14","6264.95","1894.26","2575.98","693.83"
"2026-02-26","31380.36","8275.88","4750.73","7118.71","2994.55","5210.37","1792.67","2383.07","701.91"
"2026-02-27","32218.28","7617.5","5360.9","6602.78","2681.27","6909.1","2049.36","2485.73","779.58"
"2026-02-28","31323.13","7718.28","6778.27","6754.13","4435.66","6311.14","1989.2","2932.72","884.56"
"2026-03-01","35719.48","7012.62","8730.19","6233","5826.3","5419.65","2077.32","2467.94","885.96"
"2026-03-02","23230.69","6320.1","4726.19","5190.42","4191.95","3880.36","1655.52","2194.61","632.04"
"2026-03-03","25408.41","5639.6","4466.76","5023.89","2775.88","3342.37","1586.04","2153.32","609.38"
"2026-03-04","23748.54","6555.58","3910.06","3778.37","2800.85","4294.96","1934.89","2262.63","621.89"
"2026-03-05","30845.53","7519.94","3441.49","4646.46","2351.86","4480.69","1948.04","2000.37","781.14"
"2026-03-06","30850.89","7699.6","4156.31","4133.36","2933.98","4984.89","2008.16","2604.02","938.73"
"2026-03-07","31224.8","7555.79","3759.49","4021.49","3635.14","7320.6","1899.39","3280.1","951.47"
"2026-03-08","23296.68","5959.22","3360.68","3243.74","2855.22","6650.9","1581.36","1989","839.95"
"2026-03-09","19795.19","4820.1","3849.42","3013.65","2600.65","4824.73","1239.23","1883.18","783.21"
"2026-03-10","23702.01","4526.39","3227.54","2934","2925.33","3675.77","1329.61","1851.72","728.73"
"2026-03-11","19313.76","5192.39","3480.55","2838.44","2141.29","3633.68","1492.31","1959.93","723.52"
"2026-03-12","21669.43","6076.52","2723.23","2996.55","2228.62","4567.96","1361.7","1605.53","606.73"
"2026-03-13","24973.02","6166.1","2720.87","3063.59","2756.83","4769.03","1565.77","1737.09","589.4"
"2026-03-14","24145.31","5989.4","2844.22","2685.71","3015.05","4818.58","1603.57","1666.97","609.13"
"2026-03-15","23396.39","5773.79","2048.84","2578.16","2509.73","3889.07","1475.31","1424.06","530.81"
"2026-03-16","18327.23","5554.96","2015.14","2377.7","1997.97","3268.36","1549.28","1456.07","466.78"
"2026-03-17","17354.47","4487.54","2095.44","2630.04","3335.01","3061.95","1392.45","1583.87","427.84"
"2026-03-18","13298.94","5389.3","1888.09","2584.37","2218.85","3098.59","1357.06","1969.58","385.15"
"2026-03-19","14271.56","4592.54","1762.15","2608.83","1641.55","3615.29","1368.13","1434.59","382.84"
"2026-03-20","19740.37","5224.16","2489.56","3328.25","2140.46","3963.39","1352.37","1506.81","473.59"
"2026-03-21","16649.88","4972.9","1923.81","2994.91","2094.99","4339.01","1201.21","1392.48","475.25"
"2026-03-22","15711.38","4505.54","2511.63","2269","2149.2","3493.27","1244.77","1232.61","547.71"
"2026-03-23","12859.41","3665.99","2435.46","1924.58","1257.37","3278.53","986.87","1459.08","434.82"
"2026-03-24","12934.42","3286.47","1879.42","1925.15","1066.87","2867.13","987.22","1350.8","420.8"
"2026-03-25","13785.25","4517.44","2766","2335.8","1961.77","2947.08","1116.95","1394.94","462.97"
"2026-03-26","16193.01","6169.06","2548.01","2835.1","1850.59","4595.31","1386.17","1519.4","569.01"
"2026-03-27","42901.01","8521.77","4248.59","4214.77","2658.67","7781.94","1350.95","2160.57","577.79"
"2026-03-28","34196.94","6753.21","5723.18","3393.48","2686.15","7019.77","1187.09","2144.39","659.27"
"2026-03-29","28025.21","6117","4330.12","3048.89","2029.15","5863.53","1215.99","1999.28","569.81"
"2026-03-30","19731.9","5702.58","4355.23","2765.2","1863.91","4460.17","899.78","1312.01","414.54"
"2026-03-31","21738.97","4708.28","5172.27","3388.28","3047.61","5056.14","1044.13","1438.11","469.78"
"2026-04-01","28000.62","5047.25","6289.04","4077.22","5600.37","3493.8","1169.04","1558.13","546.45"
"2026-04-02","32950.92","5183.45","3900.99","3720.94","2244.57","4262.43","1070.71","1473.38","591.08"
"2026-04-03","25234.93","6064.84","2608.48","2800.14","2444.05","3291.56","1250.04","1731.76","803.2"
"2026-04-04","27789.66","5328.16","2654.1","2733.49","2252.77","2851.34","1138.72","1617.65","684.26"
"2026-04-05","25893.56","5005.95","2436.01","2591.78","1778.06","2390.28","908.36","1255.59","616.63"
"2026-04-06","23089.8","3854.53","2220.89","2435","1564.31","2971.71","835.52","1101.98","547.47"
"2026-04-07","20098.5","3165.11","2338.73","2083.95","1280.29","2846.97","889.6","1212.25","626.98"
"2026-04-08","17005.51","3616.27","2029.74","3300.95","1543.33","2779.45","840.55","1244.14","695.27"
"2026-04-09","15123.36","4809.08","1645.84","2711.53","1866.7","3009.99","767.28","1228.75","542.44"
"2026-04-10","19224.71","5259.78","4083.28","2189.82","2159.74","3403.94","821.9","1158.69","642.97"
"2026-04-11","19546.18","4805.68","3402.3","2080.38","2143.81","3477.15","838.68","1097.07","645.05"
"2026-04-12","16082.74","4941.14","3523.42","2048.82","1981.01","4024.09","766.7","1145.32","607.93"
"2026-04-13","15665.78","3756.92","1902.67","1972.6","1863.24","3866.42","669.31","959.95","418.41"
"2026-04-14","12498.56","3111.12","1663.26","2112.64","1195.12","2828.45","793.57","857.96","348.69"
"2026-04-15","13477.39","3471.54","2245.56","1970.87","1685.16","3113.01","702.71","879.35","391.97"
"2026-04-16","12532.91","4179.15","2087.21","1890.19","1579.38","2484.56","740.71","951.84","385.68"
"2026-04-17","15403.56","4244.26","2074.52","1929.86","1723.26","4407.78","847.88","1151.93","478.4"
"2026-04-18","18609.01","4504.39","1805.83","1719.67","2375","3681.53","780.31","1268.03","466.97"
"2026-04-19","19155.33","5004.4","2861.91","2003.71","1978.82","3615.27","1031.13","1315.22","607.61"
"2026-04-20","26254.67","11150.28","3445.01","4537.11","2609.21","7424.36","1615.96","1959.45","1207.42"
"2026-04-21","82008.97","22880.92","11821.32","9816.18","3711.29","13526.77","2577.61","3907.51","1443.91"
"2026-04-22","63609.17","14026.58","10569.26","8361.94","4096.77","7911.67","2712.19","3350.89","1306.72"
"2026-04-23","65544.61","12358.52","7075.39","7985.38","3806.93","8233.65","2930.95","2945.91","1314.14"
"2026-04-24","60453.6","12276.45","6643.24","7258.81","4150.07","8796.09","3144.86","2784.18","1501.1"
"2026-04-25","61331.26","11256.23","6516.45","7732.14","4364.38","8037.77","3338.86","2467.42","1522.75"
"2026-04-26","37394.79","9022.99","4556.05","5395.67","3290.68","5872.49","2488.45","1929.81","1038.7"
"2026-04-27","25817.91","6107.99","3368.39","4885.51","2209.41","4863.06","1640.99","1835.05","531.99"
"2026-04-28","21967.62","6094.53","3497.63","4770.38","1810.21","3770.75","1725.14","2159.17","438.29"
"2026-04-29","14524.42","6706.22","3623.76","4404.55","2143.63","2564.35","1707.67","2264.29","529.29"
"2026-04-30","36311.25","9746.33","6459.76","8567.55","4559.68","5296.85","2109.89","2333.92","528.41"
