"날짜","인도네시아 DAU","베트남 DAU","브라질 DAU","멕시코 DAU","파키스탄 DAU","태국 DAU","알제리 DAU","콜롬비아 DAU","페루 DAU"
"2025-01-01","15190087","7210487","11195656","5858591","4016976","2557049","1720916","2226146","1555789"
"2025-01-02","15170855","6784851","9565838","4804221","3904355","2522422","1809411","2003380","1421824"
"2025-01-03","14753399","6613913","9702657","4804625","3895099","2678928","1847393","1926165","1307791"
"2025-01-04","15876286","7457015","9569601","4897577","3871835","2902137","1562518","2128456","1493948"
"2025-01-05","15032522","7602713","9880029","5112625","3936101","2535663","1276647","2058413","1483569"
"2025-01-06","14225544","5942566","9813886","5183549","3609184","2387291","1176750","2020760","1237891"
"2025-01-07","13859017","6509883","9970465","5063860","3478277","2414462","1370128","2081139","1346583"
"2025-01-08","14945565","6598753","10193720","5333571","3854116","2503700","1267500","2146436","1299212"
"2025-01-09","15713530","5981359","10291485","5076631","3368578","2683204","1528631","2089382","1471884"
"2025-01-10","17089677","7083972","11049880","5676435","3970408","2708519","1912631","2090904","1616252"
"2025-01-11","18771484","7202125","12056219","5843764","4023781","3034610","1935389","2337160","1743450"
"2025-01-12","18293275","7165358","12323543","6087399","3915156","2652612","1768234","2299539","1528419"
"2025-01-13","16508595","5743738","11262785","5420940","3358677","2511169","1598456","2242512","1454301"
"2025-01-14","16416387","5818698","11034138","5618008","3188090","2159931","1746144","2240786","1559750"
"2025-01-15","17694501","6379354","10760631","5656907","3094827","2006977","1536811","2076719","1509027"
"2025-01-16","17510357","7180120","11430577","5537771","3076893","2511723","1493685","2176802","1594945"
"2025-01-17","18183428","7218753","11250477","5517339","3457901","2189409","1984560","2193512","1590014"
"2025-01-18","19319954","7744222","11916428","6378456","3658757","2810005","1932455","2384691","1688143"
"2025-01-19","18699864","7565235","11858549","6543940","3565066","2408499","1373224","2318542","1786059"
"2025-01-20","17218618","6830216","10895179","6391264","3152660","2326224","1512621","2167060","1554671"
"2025-01-21","17647016","6525734","10445174","6209127","3133931","2622354","1591580","2239604","1533051"
"2025-01-22","16825003","7451662","10585560","6118346","2903495","2493859","1523060","2103050","1554820"
"2025-01-23","17017629","7716376","10282333","5667196","3201693","2379815","1791611","1958167","1614374"
"2025-01-24","18267724","9032554","10640023","5792251","3520295","2499549","1688993","2198475","1715740"
"2025-01-25","19448795","9437234","11718890","6015067","3791418","2686512","1782697","2367856","1714183"
"2025-01-26","19196947","9885108","11578186","6672644","3737939","2869552","1215458","2220269","1702782"
"2025-01-27","18741643","10561667","10245413","6226176","3240710","2438831","1450007","2081851","1536014"
"2025-01-28","19260747","10566240","10138527","5940425","3300908","2710661","1378655","2092309","1471248"
"2025-01-29","17942839","10866199","9911363","5593718","3147676","2225828","1346521","2134998","1734741"
"2025-01-30","17243447","10462058","10071010","5509837","3052275","2850982","1493531","2078540","1427339"
"2025-01-31","17686276","8696800","10399386","6417134","3433824","2397042","1710369","2052937","1609245"
"2025-02-01","19112725","9883808","10463344","6466713","3587755","2631084","1542845","2158228","1656623"
"2025-02-02","19151856","8861638","11377746","5812995","3794227","2539363","1348496","2104050","1600296"
"2025-02-03","16912594","7698284","9462899","5929365","3270463","2420309","1321532","1938495","1582790"
"2025-02-04","17835041","6637836","9385681","5404121","3285981","2219490","1368278","1779845","1654110"
"2025-02-05","17987564","6699287","9077658","5312229","3540859","2533732","1306938","1864971","1540701"
"2025-02-06","17285334","6610983","8617933","4871326","3330266","2201723","1469871","2033393","1538178"
"2025-02-07","19136900","6709024","8980867","6087717","3344479","2240390","1672528","2053167","1567311"
"2025-02-08","19709965","7895523","9653049","5757082","3652144","2555892","1499838","1983438","1486342"
"2025-02-09","19347138","8496257","9904611","5732439","3613793","2794289","1305219","2131833","1680203"
"2025-02-10","17226319","6099886","8662188","5392661","3088011","2466492","1418445","1802541","1732149"
"2025-02-11","18487813","6586478","8125302","5402926","3236244","2274897","1449668","1765090","1732626"
"2025-02-12","18224454","6881535","8334563","5159158","3180543","2336465","1489416","1734789","1657915"
"2025-02-13","17997887","6294061","8274949","5249107","3556679","2180703","1497432","1625669","1585796"
"2025-02-14","19246635","7195826","8192211","5649397","3515944","2620755","1613990","1737119","1700038"
"2025-02-15","19135096","7847898","9598292","6006144","3796275","2648781","1650379","1994691","1998855"
"2025-02-16","18305866","7819239","9968173","6479368","3699899","2497256","1469445","1957541","1923966"
"2025-02-17","16668231","6370436","7576767","5921023","3212812","2672510","1469207","1744703","1702066"
"2025-02-18","16498345","6663118","7670928","5405876","3262650","2192797","1638347","1518329","1813717"
"2025-02-19","17105731","6969812","7576946","5447208","3549226","2011808","1472442","1583452","1789942"
"2025-02-20","17440744","6091128","7637471","5536161","3439489","2255540","1700370","1640730","1810204"
"2025-02-21","17381546","6787213","7751877","5520576","3698364","2665695","1823716","1770281","1639021"
"2025-02-22","19016251","7654182","9096746","5927515","3758755","2970359","1622683","2064437","1828312"
"2025-02-23","18223973","7482191","9147442","5872887","3667663","2612162","1347894","2125218","1889523"
"2025-02-24","17177312","6175514","7440302","5160273","3172498","2275943","1388179","1630817","1746184"
"2025-02-25","17587589","5763241","7345279","4899754","3386958","2243508","1339321","1762451","1833315"
"2025-02-26","19583571","6899522","8157899","5694013","3587411","2516597","1405243","1958110","1845931"
"2025-02-27","19477108","7004046","8200774","5436934","3706830","2775674","1476082","1961556","1921726"
"2025-02-28","20393047","7493710","8477326","5576394","3809298","2973482","1685964","1930529","1668773"
"2025-03-01","21305690","8731183","9363176","5898232","3943249","2735162","2079439","2140250","1901851"
"2025-03-02","19670159","8629575","10055468","6085718","4094507","2599522","1675611","2095318","2090969"
"2025-03-03","19604446","6637251","9033142","5570773","3818763","2517179","1466000","1921378","1812787"
"2025-03-04","19095099","6430785","9210887","5148068","3492906","2718005","1561236","1788862","1812858"
"2025-03-05","17998895","6979115","8807008","5567893","3477552","2534858","1861027","1778727","1918734"
"2025-03-06","17863024","6851482","7761966","5421729","3682313","2584159","2182906","1642775","1966610"
"2025-03-07","18748057","7713052","7921292","5554524","3807132","2929939","2638242","1867373","2066097"
"2025-03-08","18632137","8678910","9044335","5915154","3865569","3137072","2437692","2195909","2066028"
"2025-03-09","18456368","8039206","8839642","6315146","3649167","2766049","2138104","2016793","2047780"
"2025-03-10","18034460","6856839","6916346","5255122","3359993","2561145","2350376","1725043","1887043"
"2025-03-11","18028050","6309626","7071610","5187673","3695333","2656175","2131125","1636722","1948221"
"2025-03-12","17976813","6273195","7104165","4819770","3644079","2839514","1960617","1589956","1786451"
"2025-03-13","18029427","6413524","7174622","5468401","3488778","2538025","1942832","1730833","1785224"
"2025-03-14","18632597","7154563","6971719","5602929","3809655","2620820","2480812","1731150","1728348"
"2025-03-15","19185328","8370438","8310730","5577827","4052215","2757319","2225243","1944566","1772291"
"2025-03-16","18717562","7206760","8421866","6010815","4087456","2880010","1971457","1969717","1859169"
"2025-03-17","18717992","6370838","7009240","5479034","3764848","3038462","1839873","1849132","1702400"
"2025-03-18","18949798","6124467","6538308","5032674","3597523","2849555","1975844","1942672","1585318"
"2025-03-19","19659916","6726580","6813159","5081015","3866506","2744221","2053407","1916302","1261461"
"2025-03-20","20506436","6517461","6333813","5280711","3737980","2847286","2293541","1697106","1222674"
"2025-03-21","20628267","6529161","6420019","5535279","3902458","2923401","2305401","1799630","1410358"
"2025-03-22","20772264","7358649","7618002","5686912","4337328","3084442","2247136","1979151","1671037"
"2025-03-23","20308556","8118892","8097075","5706550","4222493","2813398","2091287","2025541","1843230"
"2025-03-24","19382807","6603720","6835536","5308206","3794699","2905012","2167977","1921514","1413718"
"2025-03-25","19424287","6020719","6184156","5049043","3649738","3057435","2258202","1807813","1313281"
"2025-03-26","18952268","6537199","6094230","5372149","3866623","3180160","2249771","1730905","1290867"
"2025-03-27","19772498","6346240","6220803","5429161","3924429","3465485","2374003","1779451","1465300"
"2025-03-28","20411899","6220642","6183983","5653356","4244966","3040215","2222797","1614436","1364041"
"2025-03-29","19926822","7783233","7731690","5924942","4171875","3020645","2178856","1970989","1873783"
"2025-03-30","21282953","7275546","7716356","5412020","3883636","3401337","2161126","1654053","1851203"
"2025-03-31","21382669","5818273","6099684","5058466","4617712","2972490","2317929","1494434","1386698"
"2025-04-01","21294430","6533341","5996876","5487980","4750881","3578696","2084117","1764991","1592561"
"2025-04-02","20934424","7854066","6114084","4956622","4199513","3481004","2102786","1670648","1317865"
"2025-04-03","19745841","6111362","5975719","4981103","4095058","3577805","2251021","1598402","1472820"
"2025-04-04","20479033","6788489","6171728","5224675","4168002","3445629","2046992","1409506","1538594"
"2025-04-05","20103482","7482465","7416911","5684760","4151140","3207552","1824012","1823157","1834139"
"2025-04-06","19370892","7983098","7308418","6062318","3874200","3114662","1298693","1878769","1835452"
"2025-04-07","18163430","7504174","5262724","5032396","3578968","3557732","1336305","1629650","1269918"
"2025-04-08","18815554","6156901","5385221","5193481","3551608","3514399","1512488","1476730","1408313"
"2025-04-09","17476606","6835325","5276968","4800844","3622812","3446562","1355941","1437230","1537462"
"2025-04-10","17753764","6975116","5584430","5333434","3371818","3292799","1363058","1629111","1559306"
"2025-04-11","18332552","6421882","5584060","5595162","3744229","3906524","1623515","1578609","1568866"
"2025-04-12","19442660","7771950","6421588","4916819","3800879","3279955","1549263","1759846","1713207"
"2025-04-13","18480406","7964422","6942019","5355855","3832856","3225290","1361666","1757627","1973047"
"2025-04-14","16925202","6846134","4931012","5230304","3463439","3192697","1450773","1679548","1237096"
"2025-04-15","15704788","6056469","5232748","5105657","3412854","3790158","1236354","1520688","1302094"
"2025-04-16","15971643","6243266","5420307","5124676","3283574","3327235","1326920","1786612","1461855"
"2025-04-17","17386416","5622886","5600284","5145407","3165378","3924951","1386021","1953416","1746197"
"2025-04-18","17652406","6176467","7152425","5628265","3749052","3739361","1466764","1972477","1621378"
"2025-04-19","18009944","7195554","7546930","4854907","3888070","3716469","1471789","1931577","1799005"
"2025-04-20","17073383","6822390","7051955","5036706","3644722","3814599","1134988","2038006","1613587"
"2025-04-21","16413939","5712099","6793627","5392507","3166197","3577212","1206437","1727613","1400656"
"2025-04-22","15411275","5908196","5199566","5244959","3220562","3589423","1197354","1454947","1292354"
"2025-04-23","15213962","5775390","5395188","5532483","3231123","3389507","1124126","1493341","1261835"
"2025-04-24","15851267","6250191","5484941","5370165","3220292","3197473","1407347","1474588","1174266"
"2025-04-25","16204256","7402727","5303752","5378157","3694101","3836280","1661956","1391991","1454712"
"2025-04-26","17050848","7794964","6542688","4908759","3483774","3722601","1373736","1687978","1356845"
"2025-04-27","15887430","7096510","6317394","5438032","3381895","3678747","1125370","1991906","1527089"
"2025-04-28","14731886","6055952","5348879","5004655","2851263","3543357","1235777","1351184","1363751"
"2025-04-29","15082744","7031072","5199531","4888343","3216842","3520112","1269739","1546160","1245473"
"2025-04-30","15263778","8041484","5141624","5198336","3442439","3777354","1342290","1606567","1436516"
"2025-05-01","15915504","7735213","6613251","5689614","3594148","3756636","1516965","1846573","1569276"
"2025-05-02","15224584","7681272","5937382","5356142","3548438","3966536","1409727","1590617","1425245"
"2025-05-03","15336435","7395698","6518766","5303896","3702270","3477259","1380248","1862479","1604011"
"2025-05-04","14848867","6992175","6449869","5430133","3564290","4003836","1239833","1888899","1552795"
"2025-05-05","13619098","6567100","5022152","5476892","2928165","3859794","1219876","1638750","1206938"
"2025-05-06","15523039","6061222","4938546","5149095","2943594","3684692","1251895","1575008","1233146"
"2025-05-07","14851914","6282139","4654115","5104183","3254143","3706223","1216980","1457525","1254158"
"2025-05-08","15202824","6227862","4891989","4947533","2988401","3503182","1195633","1445639","1253921"
"2025-05-09","15095356","7090433","5333768","5289618","3586151","3337095","1409294","1378223","1498278"
"2025-05-10","15780799","7367554","6017074","5062653","3591570","3295050","1351705","1624790","1384071"
"2025-05-11","14880619","7238337","6544324","5736814","3605350","3857916","1074832","1606633","1697399"
"2025-05-12","16105135","7536724","4488756","4916864","3231947","3383781","1146509","1530586","1354203"
"2025-05-13","14666523","6670174","4441302","4987725","3094061","3763192","1202724","1491348","1133482"
"2025-05-14","13883752","7443500","4684891","5011283","3092992","4003805","1235893","1317471","1310665"
"2025-05-15","13786499","8095940","4341455","4748330","3256271","3848771","1351516","1464679","1189283"
"2025-05-16","14074833","8441997","4795681","4820340","3523734","3898783","1325432","1374977","1186414"
"2025-05-17","14495411","8795533","5492783","4971154","3671659","3608664","1115865","1547315","1435451"
"2025-05-18","13966000","8647413","5691082","5208887","3550040","3836035","1087506","1524751","1493874"
"2025-05-19","12979034","7921968","4223142","4871238","2889762","3552447","975789","1508338","1218958"
"2025-05-20","12819164","8018529","4426346","4696471","3170533","3681979","1029997","1468302","1171393"
"2025-05-21","13892769","8212756","5082140","5291784","3453002","3810077","1340016","1421016","1202135"
"2025-05-22","13975022","8672829","5216040","5152028","3643627","3498537","1649053","1721862","1151107"
"2025-05-23","14282313","9202004","5188955","4757099","3756794","3815780","2010283","1645346","1237339"
"2025-05-24","14676944","8947028","6166986","4977096","3837654","3837852","1598687","1770874","1439175"
"2025-05-25","14570870","8426915","6389669","5133325","3711594","3824008","1600657","1696605","1767280"
"2025-05-26","13592585","8778359","4857839","4794907","3488219","3809152","1592492","1553088","1246547"
"2025-05-27","13115939","8522953","4223175","5238473","3435432","3544593","1696778","1472124","1231801"
"2025-05-28","13592894","8831257","4749197","4685455","3756117","3480559","1622349","1392330","1239802"
"2025-05-29","13700268","8437787","4460685","4993026","3555926","3584701","1809710","1498184","1035660"
"2025-05-30","13652714","9245192","4529357","4791024","3623052","3756066","1588014","1670013","1258171"
"2025-05-31","14343453","9125169","5320517","5272004","3678263","3632455","1613507","1663497","1415386"
"2025-06-01","13887107","9845298","6274768","5726216","4187715","3686547","1703011","2065622","1560466"
"2025-06-02","13418252","8981951","5229814","5019892","3678132","3822512","1528516","1822128","1339625"
"2025-06-03","12360959","8937944","4641371","4983578","3850278","3821766","1711984","1516345","1170932"
"2025-06-04","12000640","9713227","4643787","4840530","3734950","3667352","1753294","1574443","1189832"
"2025-06-05","13989507","10127749","4631091","4965327","3945007","3418842","1885158","1578729","1204810"
"2025-06-06","14620115","10414679","4840965","5094356","3949478","3490823","2042536","1483277","1153550"
"2025-06-07","14553083","9572304","5520330","5316580","4520532","3508289","2151602","1644315","1402863"
"2025-06-08","13956115","9859946","6036156","5421965","4423967","3479011","1844673","1922819","1384339"
"2025-06-09","12969882","9912187","4649307","4842082","4263642","3270985","1675951","1517926","1222420"
"2025-06-10","12885097","9918520","4300706","5027173","4166638","3052329","1740037","1593665","1037561"
"2025-06-11","12916243","10226367","4165881","5213993","4087600","2865570","1804532","1495938","1093243"
"2025-06-12","12527842","10166067","4400611","5418776","3828645","3215718","1863947","1555780","1100546"
"2025-06-13","13891075","9525510","4739296","5294199","4186195","4022701","1964613","1635443","1217064"
"2025-06-14","13724146","9464720","5408956","5682681","4153769","3718524","1945003","1768055","1451439"
"2025-06-15","14078555","10166259","5691570","6428088","4118226","4161162","1792404","1922951","1679559"
"2025-06-16","13751500","9504769","4195337","5606621","4030733","3687398","1938422","1702284","1228136"
"2025-06-17","14491637","9473097","5348171","5275370","3724097","3490956","1888398","1644689","1126016"
"2025-06-18","14483780","9152326","6074372","5608422","4035630","3578567","1837245","1717547","1368045"
"2025-06-19","13769971","9642002","6364013","5419201","4320833","3438747","2111084","1593426","1051260"
"2025-06-20","13880015","9042537","5984763","5612001","4398605","3619665","2394530","1784794","1277405"
"2025-06-21","13955634","9606911","6299915","5799711","4062930","3718195","2547821","2044606","1520084"
"2025-06-22","14288065","9087783","6171689","6019758","4106532","3804522","2281321","2092863","1472022"
"2025-06-23","13590886","9232842","5064132","5428433","3700785","3073860","2388157","1858606","1214818"
"2025-06-24","14043043","9619864","4972917","5119417","3866856","3490378","2384680","1704578","1219848"
"2025-06-25","14304092","9982831","4695672","5011349","3821114","3065147","2380324","1731492","1216962"
"2025-06-26","13703231","9327657","4989694","4916647","4202768","3312339","2519326","1683488","1300985"
"2025-06-27","13471867","11055532","5125563","5243955","4362103","3784600","2576817","1741205","1205868"
"2025-06-28","13725810","11060077","5779410","5207961","4240833","3475858","2322790","1831910","1479768"
"2025-06-29","14321790","11427474","5999113","5162300","4151568","3018422","2412093","2025963","1502940"
"2025-06-30","13001474","10296238","5207641","5072658","4078771","2695050","2541272","1986845","1174274"
"2025-07-01","13676243","11549636","5085481","5232121","4094884","2905299","2507142","2006118","1282162"
"2025-07-02","12572321","10855753","5312385","5461292","4056551","3054138","2615907","2036951","1301151"
"2025-07-03","12640433","11262372","5114776","5596627","4143508","3568549","2728352","1894382","1272816"
"2025-07-04","13245206","12109243","5502886","5850113","4519578","3188722","3083363","1783895","1425442"
"2025-07-05","13127613","11011820","6071098","5529712","4449361","3317426","2685428","1718475","1588597"
"2025-07-06","13063136","11114478","6452535","6311398","4462463","2779763","2590748","1887625","1625833"
"2025-07-07","12983134","11100704","5430263","5475067","4204988","2613123","2682765","2061162","1465835"
"2025-07-08","12285523","11197328","5525772","5956792","4286503","3098587","2573811","1918917","1316543"
"2025-07-09","12268778","11468383","5601421","5491520","4450535","2825704","2782551","1803786","1293315"
"2025-07-10","11150015","10678458","5570701","5300626","4181793","3036970","2379036","1659683","1253054"
"2025-07-11","11664391","10510293","5780208","5994395","4333979","2894877","2635700","1958381","1250435"
"2025-07-12","11145230","10668512","6251222","5551372","4332793","3138633","2482697","1740672","1473760"
"2025-07-13","10544463","10810010","6573605","5347580","4498476","2414230","2458535","1762727","1665946"
"2025-07-14","9899570","9277980","5526007","5242695","4230608","2563661","2566458","1662059","1291276"
"2025-07-15","9173786","9292707","5766873","5574287","4483531","2488933","2454473","1569694","1295706"
"2025-07-16","9689120","9080232","5741702","5843945","4411166","2702817","2624509","1613298","1143831"
"2025-07-17","9491929","9802107","5625952","5675590","4546095","2955371","2617627","1692057","1364836"
"2025-07-18","9967841","10482575","5820618","5652073","4876015","3038558","2654716","1627426","1344118"
"2025-07-19","11514761","8992304","6339366","5890960","4817399","2701251","2672090","1812599","1480917"
"2025-07-20","10957620","9533724","6202944","6231002","4723414","2565404","2560054","1893319","1533609"
"2025-07-21","9458385","9029681","5759351","5948692","4350797","2809254","2478436","1696150","1477482"
"2025-07-22","9783230","9018592","5566547","5580285","4498926","2715611","2435856","1580493","1472649"
"2025-07-23","9462478","8873459","5532442","5800025","4424535","2785092","2573001","1727258","1818916"
"2025-07-24","9953502","8883601","6036562","5915152","4341234","2622331","2533820","1800942","1576003"
"2025-07-25","10883207","9482944","5744407","5833591","4602754","2757428","2611278","1850042","1594720"
"2025-07-26","11449482","9356234","6062059","6170760","4800096","3065520","2828438","1704992","1668131"
"2025-07-27","10240638","9533688","6109832","5532625","4781209","2708325","2483645","1817426","1743154"
"2025-07-28","8999149","8315992","5612842","5822438","4290272","2774920","2425689","1831475","1756214"
"2025-07-29","8374966","9475383","5677202","5393982","4390170","2219914","2549827","1750034","1807185"
"2025-07-30","9989763","9687613","7059592","6666581","4873382","2591506","2734693","1905956","1643092"
"2025-07-31","10410182","9846082","7042860","6330139","4916883","2445415","2886800","2052031","1842685"
"2025-08-01","10611666","9592032","6990478","6385284","4857766","2917381","3214588","2127444","1688187"
"2025-08-02","11828672","10182660","7786848","6795179","5060189","3134238","3029310","2310974","1666707"
"2025-08-03","11314776","10259049","8340706","6334124","4962757","2692831","3016517","2304476","1776441"
"2025-08-04","9286742","10240172","6639291","6129797","4520508","2602088","2674235","2005059","1677233"
"2025-08-05","9403686","10155467","6745208","6134475","4502800","2178058","2792945","2019974","1810400"
"2025-08-06","8918304","10246463","6078104","5693546","4450293","2264299","2943542","2026621","1781308"
"2025-08-07","9484394","9350710","6226406","5756491","4668314","2340847","2720459","2132855","1686368"
"2025-08-08","10056094","9435488","6519382","6281464","4725241","2834217","2989455","2007618","1641497"
"2025-08-09","10614757","9868276","6998223","5855207","4874250","2604381","2723286","1833041","1574464"
"2025-08-10","9978028","9962428","7379479","6025709","4943619","2991185","2679255","2203756","1685902"
"2025-08-11","8651364","9511477","5929972","5715473","4389251","2946881","2975571","2119195","1346225"
"2025-08-12","8951593","9575827","6241626","5694793","4601695","2296594","2951620","1891791","1568914"
"2025-08-13","8599506","10000805","6069923","5975643","4579031","2215336","2826256","1886177","1509725"
"2025-08-14","9385122","9870453","5941130","5635363","4858478","2286785","2833092","1646148","1386481"
"2025-08-15","9542387","10059124","6057288","5615071","4969651","2539292","2871735","1895048","1365232"
"2025-08-16","9537612","9888027","6841100","5644614","4912084","2485309","2599692","1785300","1558274"
"2025-08-17","10310004","10229645","7157534","5888665","4987194","2537719","2780251","2104193","1620690"
"2025-08-18","9579529","10099467","5579059","5215790","4374713","2093963","2617904","1931151","1317653"
"2025-08-19","8856338","9922260","5459050","5758326","4687858","2266730","2537711","1731144","1271757"
"2025-08-20","8906873","8729399","5448715","5585856","4797073","2540724","2696740","1739535","1278116"
"2025-08-21","8885429","9028962","5470503","5247656","4384680","2298464","2802798","1609520","1422860"
"2025-08-22","9392519","8602789","6009451","5629927","4768416","2210666","2748082","1681373","1252804"
"2025-08-23","9408504","9103127","6168945","6014268","4788801","2726419","2660089","1869511","1548028"
"2025-08-24","10032769","9242812","6322551","5812012","5012067","2298915","2703302","1873031","1589726"
"2025-08-25","9275275","8279106","4857058","5496718","4405033","1954250","2706061","1528684","1373275"
"2025-08-26","8842210","9482045","5022881","5365631","4474110","2105121","2892964","1527237","1269860"
"2025-08-27","9548531","9330374","4959019","5452279","4424512","1996587","2694342","1540048","1211922"
"2025-08-28","9132321","8838089","5089058","5274164","4363608","2233904","2710452","1506978","1347667"
"2025-08-29","9501495","10120043","5172780","5478639","4804337","2429283","2797525","1508421","1210026"
"2025-08-30","9960219","10860395","5901506","5325597","4816630","2826162","2626069","1685101","1566549"
"2025-08-31","9197657","10786052","6147494","5572973","4552006","3033367","2503399","1643762","1652281"
"2025-09-01","8999529","10473387","5304498","5196216","4585797","2496591","2681732","1554140","1278444"
"2025-09-02","8719005","10570811","4953326","4492736","4143023","2537969","2625640","1468341","1185827"
"2025-09-03","8488979","8998327","4780713","4046651","4404616","2346432","2720788","1461428","1075327"
"2025-09-04","9148397","8613642","5298928","4251407","4443095","2423781","2646044","1471478","1371222"
"2025-09-05","10162425","8604399","5079806","4519944","5148516","2491662","2780986","1481557","1402251"
"2025-09-06","10108679","9624424","6077697","4806227","5224161","2569772","2672065","1562230","1595223"
"2025-09-07","8973540","8415467","5909309","4586954","4927002","2348002","2600137","1596281","1757227"
"2025-09-08","8345288","7080439","5263276","4468947","4496746","2186700","2634963","1423856","1378476"
"2025-09-09","8795736","5944188","4989383","4058581","4245496","2127481","2611863","1409601","1386369"
"2025-09-10","8886780","6574191","5050595","4204342","4406559","2029200","2602534","1480195","1323531"
"2025-09-11","9443940","6953186","5042230","3968263","4170014","2192841","2447473","1501240","1355957"
"2025-09-12","9407264","6994718","5077160","4370025","4472024","2598702","2842898","1477471","1386176"
"2025-09-13","10152159","7853244","5769746","4428891","4752815","2541232","2505505","1605672","1454660"
"2025-09-14","9432545","8306921","5909629","4842795","4697238","2310263","2501484","1640705","1776829"
"2025-09-15","8944131","7455482","4612704","4447624","4268581","1999710","2486741","1303876","1240010"
"2025-09-16","8875112","6789191","4615428","5237714","4263990","1923740","2635922","1506744","1348113"
"2025-09-17","9129321","6783045","4923444","4173733","4272070","1739481","2327534","1276856","1104352"
"2025-09-18","8774257","6954540","5028506","4248712","4254416","2130545","2356410","1304219","1279081"
"2025-09-19","9902605","7146243","5220120","4152565","4606956","2465014","2490676","1529213","1139458"
"2025-09-20","10087629","8103918","5887231","4696821","4755768","2226725","2235425","1498298","1501969"
"2025-09-21","9512870","8522468","6650095","4630671","5011389","1807206","2084798","1373774","1384553"
"2025-09-22","8793833","6367588","5199460","4260739","4205199","2023184","1788376","1400849","1121974"
"2025-09-23","8505348","6480900","4541368","3975878","4177187","2020335","1893601","1488911","1251186"
"2025-09-24","8859540","6047210","4928558","5030375","3904595","1828062","1865868","1683140","1528147"
"2025-09-25","9146082","7139780","5145682","5605781","4160127","1923658","1928058","1769743","1575715"
"2025-09-26","10222952","6914661","5208658","6234336","4392382","2376215","2241554","1739733","1488322"
"2025-09-27","10357479","8244535","5697067","6139976","4536080","2729054","2246569","1872120","1652732"
"2025-09-28","8853372","8072724","5674634","6655399","4474904","2764689","2013525","1685283","1765003"
"2025-09-29","9026888","6549947","5091306","6093415","3748159","2473639","1933713","1609056","1580845"
"2025-09-30","8838145","6420668","4483066","5960947","4065419","2533765","1981305","1750143","1528964"
"2025-10-01","8588183","6474554","5073600","4113833","3945149","2277837","1624148","1533114","1217011"
"2025-10-02","8939202","6438113","4583891","5253933","3552242","2392338","1735687","1402486","1478097"
"2025-10-03","9495029","6946145","4733590","5262050","3892427","2408702","2140282","1671179","1527876"
"2025-10-04","9486879","7068500","5142805","5572949","4171202","1887937","1937643","1816638","1544257"
"2025-10-05","9046182","7863439","5293395","6078429","4028342","1933427","1678564","1821751","1505489"
"2025-10-06","7819493","5766141","4272465","5075833","3491058","1986001","1678306","1719584","1550591"
"2025-10-07","8016429","6546586","4327087","5203432","3463643","2241764","1684183","1813586","1384473"
"2025-10-08","7905334","6243489","4207737","4827697","3321201","2140262","1811942","1622995","1561370"
"2025-10-09","8103300","5950421","4631177","4948337","3570544","2351434","1760408","1725981","1464972"
"2025-10-10","8897311","6163605","4544942","4940576","3687136","2150166","2195044","1634240","1482186"
"2025-10-11","8998453","7593381","5105341","5309877","3865127","2236745","1853305","1683629","1606508"
"2025-10-12","8536162","7204067","5364269","5359684","3872433","1910322","1566373","1587239","1628391"
"2025-10-13","7850946","6192675","4693003","4901244","3654669","2156650","1439399","1676653","1513576"
"2025-10-14","7971072","6283201","4188201","4416892","3584320","2152788","1653491","1343224","1407784"
"2025-10-15","8368510","6156486","4515362","4600927","3704649","1776130","1580112","1236335","1341125"
"2025-10-16","8199783","6518915","4321071","4583021","3505418","2092090","1614855","1195005","1460627"
"2025-10-17","9182272","6851284","4580186","4673891","3713748","2272173","2086885","1307964","1386493"
"2025-10-18","9914746","6810844","5416099","5106189","3885637","2530597","1735567","1320589","1443270"
"2025-10-19","8782742","6701303","4901118","5188816","3996474","2215158","1429099","1326126","1564869"
"2025-10-20","8142560","5691973","4314679","4477517","3474601","2740867","1501385","1264825","1452908"
"2025-10-21","7907378","5782679","3968351","4620824","3307543","2470446","1703270","1256970","1254774"
"2025-10-22","7710334","5620129","4233321","4474420","3341778","2192332","1434938","1297404","1297914"
"2025-10-23","8102745","5075949","4284728","4534650","3232459","2254298","1608585","1275118","1240439"
"2025-10-24","8557509","5438389","4600118","4380527","3887483","2750152","1818898","1418626","1395073"
"2025-10-25","9444344","6534592","5453681","5152646","3873909","2150580","1688221","1316597","1460807"
"2025-10-26","8810538","7191954","5057532","5319641","3780434","1991073","1398410","1347470","1553816"
"2025-10-27","7633332","5318289","5040540","4688752","3392446","2489480","1554337","1296761","1433840"
"2025-10-28","8752360","5110924","4461638","4803951","3447322","2555589","1835095","1360779","1231434"
"2025-10-29","7881500","5773820","4808099","5017475","3525713","2618800","2027938","1350200","1407455"
"2025-10-30","8037804","6126429","5060116","5329735","3924282","2303559","2245951","1617356","1329611"
"2025-10-31","9015545","6329210","4954264","5239122","4095726","2939015","2220451","1392437","1438281"
"2025-11-01","9450199","7720065","5742012","5368713","4137312","2444523","2057316","1434445","1507916"
"2025-11-02","9757756","6691958","5828347","5620153","4183545","2317903","1541744","1453173","1666078"
"2025-11-03","8164696","5948608","4960177","5102333","3720954","1958130","1482077","1401088","1311810"
"2025-11-04","8479842","5321741","4460947","4735419","3401438","1762278","1509872","1311424","1386585"
"2025-11-05","7900370","5521524","5114021","4685091","3407298","1862089","1397390","1235146","1242054"
"2025-11-06","8412465","5098608","4782415","4815314","3505967","1824851","1679577","1421300","1131217"
"2025-11-07","8534451","6173397","5002500","4543867","3536149","1971191","1842175","1413242","1307152"
"2025-11-08","8852140","7616281","5510641","4929345","3890922","1923552","1685826","1337124","1413225"
"2025-11-09","8856353","6087381","5229741","4882571","4000473","2073493","1314721","1637159","1451066"
"2025-11-10","7692045","4830481","4481043","4670639","3494165","1988844","1270861","1473886","1321407"
"2025-11-11","7299871","4896369","4612652","4463810","3431775","1920998","1347230","1375894","1106876"
"2025-11-12","7091855","4990154","4450096","4457508","3438504","2282901","1379144","1368558","1224302"
"2025-11-13","8446475","4686877","4501832","4171723","3394603","2425587","1521827","1296813","1236296"
"2025-11-14","8995361","5348454","4702372","4646603","3537581","2554013","1775351","1275624","1421557"
"2025-11-15","9441864","6621075","5921917","4823822","3811137","2514306","1559783","1337553","1372142"
"2025-11-16","8722433","6325238","5586470","4780602","3851227","2300170","1261841","1283004","1452047"
"2025-11-17","8528407","5205889","4552218","5309531","3236426","2500443","1374095","1394773","1139401"
"2025-11-18","8188800","6080194","4942408","4394409","3328107","2599767","1459421","1209322","1032928"
"2025-11-19","8413794","5441379","4925025","4229190","3403357","2039685","1193902","1244232","1149777"
"2025-11-20","8701653","5962945","5756769","4300900","3375781","2223769","1534493","1219127","1160700"
"2025-11-21","8878223","5970441","5304257","4899848","3867402","2263131","1840578","1270835","1250351"
"2025-11-22","9545258","6362426","5301524","4618525","3903584","2292511","1392204","1345407","1384379"
"2025-11-23","8895755","5593881","5472916","4869577","3751040","2528041","1266310","1335058","1314656"
"2025-11-24","8229057","4323881","4570371","4186821","3242084","2209179","1159127","1286107","1132653"
"2025-11-25","8973971","4613092","4292709","4396857","3512891","1901474","1295102","1402215","1272140"
"2025-11-26","8981531","5185002","4662348","4388198","3205839","2087941","1092522","1230786","1260626"
"2025-11-27","8252354","4494619","4576729","4174562","3446380","2002250","1494749","1357717","1259241"
"2025-11-28","9466598","4915366","4967307","4095576","3669693","2264554","1818314","1367563","1193428"
"2025-11-29","9545514","5574977","5083263","4234163","3862425","1963880","1474981","1497305","1293624"
"2025-11-30","9537464","6140515","5576512","4512761","3931321","2278258","1258754","1384044","1662791"
"2025-12-01","8841413","4461779","4756311","4105744","3524182","2133980","1349966","1413482","1274305"
"2025-12-02","8906669","4348298","4608347","4090702","3523625","2177612","1234306","1241772","1410074"
"2025-12-03","9316750","4097410","4506255","3982868","3572549","2115528","1075692","1411818","1338616"
"2025-12-04","8997305","5480026","4951535","4264461","3482471","2002665","1408358","1309273","1320867"
"2025-12-05","10505094","5288103","4911964","4374696","3757753","2071721","1447316","1520922","1354440"
"2025-12-06","10308349","5749654","5081433","4300702","3900128","2167561","1143865","1390308","1531009"
"2025-12-07","10787781","6230838","5527907","4284648","3877185","2415238","1070950","1354329","1540790"
"2025-12-08","10424584","4419256","5046061","4211771","3496545","2260835","854556","1294033","1496430"
"2025-12-09","10180799","4899617","4915877","4050207","3461468","2370120","1025167","1299700","1337199"
"2025-12-10","10235662","5160828","5019975","4231480","3432525","2124131","1077874","1321417","1265720"
"2025-12-11","10521353","5257080","4952975","4273685","3427969","2034811","1782815","1296566","1161880"
"2025-12-12","10866407","5552723","5262045","4921795","3779154","1963177","2145757","1580461","1375845"
"2025-12-13","11364493","6841663","5231473","4596118","3884026","2134310","1877826","1343557","1266006"
"2025-12-14","11108765","5748272","5660112","4266060","3807615","2166434","1553959","1548341","1284132"
"2025-12-15","11497550","4797061","5150399","4727869","3436262","1864765","1620236","1314959","1175161"
"2025-12-16","11446983","4880580","5636006","4440794","3621000","1710146","1786606","1391659","1266647"
"2025-12-17","11365295","5551827","5584777","4373170","3679568","1928727","1908282","1456874","1540918"
"2025-12-18","11970162","4957399","5729910","4701296","3557491","1663871","1971885","1460146","1378619"
"2025-12-19","12131746","5162902","5713954","5024271","4254742","1902677","2233151","1444041","1525735"
"2025-12-20","12441005","5599080","6147262","4742552","4120833","2383264","2057971","1641961","1516121"
"2025-12-21","12983039","5862714","6044707","5158866","4214081","2065344","2042215","1534198","1751146"
"2025-12-22","12618842","4038998","5678992","5060613","4037655","1867085","2127678","1373710","1698082"
"2025-12-23","12222621","5053613","5660668","4850796","3809966","2074335","1997266","1675450","1565498"
"2025-12-24","12433624","4480943","6360281","5253547","4168013","1891250","2149544","1477553","1769106"
"2025-12-25","13273371","5570463","7586678","5873598","4084338","2194504","2119069","1834197","1948327"
"2025-12-26","13181681","4926504","5550440","5108996","4100273","1972271","2203508","1889329","1839131"
"2025-12-27","14363755","5394419","6098121","4968595","4305157","2222204","2040183","1689150","1592649"
"2025-12-28","13725272","5829865","6602398","5089480","4373952","1930828","1891253","1846506","1624423"
"2025-12-29","13592839","4491999","6114550","4688128","4213071","2059741","1826634","1520569","1626920"
"2025-12-30","14450934","5238145","5770187","5618839","4131172","2261394","1802606","1469165","1627206"
"2025-12-31","14928468","6390864","6290480","5037281","3980040","2643724","1748123","1575947","1496102"
"2026-01-01","13834724","6492363","6860121","6087691","4135224","2409483","1907863","2044118","1674159"
"2026-01-02","13910311","6974968","6308054","5536987","4244564","2404779","2000805","1633471","1579846"
"2026-01-03","13917480","5982040","6892135","5566034","4087935","2426660","1830957","1784325","1528771"
"2026-01-04","12993919","6297473","7054501","5366766","4094344","2277889","1252001","1752533","1464547"
"2026-01-05","12895860","5083828","6779950","4760634","3913381","1970039","1254565","1799313","1565260"
"2026-01-06","12841986","4694373","6171271","5302439","3826188","1997947","1340987","1759900","1410290"
"2026-01-07","12984525","4867840","6349820","5184194","3742879","1801899","1240375","1639974","1552816"
"2026-01-08","12657035","4859351","6484132","5291101","3961361","1895957","1310216","1700428","1412440"
"2026-01-09","12985238","6275850","6216116","5295796","4003757","2356464","1468847","1667895","1580141"
"2026-01-10","13769655","6420719","6527337","5293147","4150561","2396810","1301582","1821946","1268755"
"2026-01-11","13639455","6017866","6815553","5428620","4020990","2517362","1320316","1759331","1604300"
"2026-01-12","12285736","4820901","6257156","5096944","3768406","2351280","1367131","1919527","1299430"
"2026-01-13","12723033","5004006","6517564","4878334","3752556","2233754","1211033","1783420","1384068"
"2026-01-14","13337643","5605387","7979306","5628955","4244238","2851456","1339691","2028856","1748283"
"2026-01-15","14718394","6104776","7645163","5412238","4146917","2975523","1526092","1953555","1562331"
"2026-01-16","14810799","5989132","7369266","5750432","4232460","2912311","1831258","1794297","1389476"
"2026-01-17","15207277","7111120","7582931","5271024","4329559","2620135","1620424","1879017","1756490"
"2026-01-18","13830759","6435846","7942319","6329630","4116605","2624089","1390563","1955824","1640294"
"2026-01-19","13584820","5194136","7954917","5630074","3770078","2666979","1389848","1981519","1654613"
"2026-01-20","13338815","5210944","7343813","5337133","3898074","2343935","1260673","1824186","1556677"
"2026-01-21","13795930","4898006","7530324","5677158","3750758","2644717","1428117","1924669","1583337"
"2026-01-22","13934918","4652030","7291428","5828144","3589216","2639611","1550256","1910938","1472908"
"2026-01-23","15025038","4883050","7648184","5687351","3761334","2786891","1789011","1777230","1613310"
"2026-01-24","16187099","7352038","8045688","5955509","4131786","3182377","1482789","1816064","1655819"
"2026-01-25","14848766","6201835","8016115","5993103","4047778","2718230","1397965","1856443","1700244"
"2026-01-26","13461177","4628469","7842846","5780868","3589833","2627020","1436794","1779656","1444041"
"2026-01-27","13912376","4796132","7749572","5411286","3701100","2789062","1517560","1818134","1518212"
"2026-01-28","14191646","5711709","7423439","5564990","3625161","2832823","1630491","1892507","1420388"
"2026-01-29","14416065","5583379","7148478","5662101","3469089","2699383","1646603","1731123","1547522"
"2026-01-30","15479583","6425769","7670310","6061188","3966530","2670637","1873491","1825671","1499042"
"2026-01-31","16407702","6976003","8168605","5815082","3861447","2852590","1530693","1867569","1558346"
"2026-02-01","15599415","7283575","8342709","6173695","4160548","2611516","1041432","1875644","1684343"
"2026-02-02","14303603","5030261","6722305","5921352","3477628","2747573","1277890","1752566","1526433"
"2026-02-03","14780327","5569998","6637111","5604781","3513322","2763481","1181057","1735222","1509825"
"2026-02-04","14960402","5387966","6822263","5951948","3979866","2734947","1193095","1608425","1532367"
"2026-02-05","15415256","5691708","6831116","5360398","3837577","2847737","1455082","1671158","1530697"
"2026-02-06","16539179","6074001","6825816","5657209","3768988","2818053","1615820","1589329","1578545"
"2026-02-07","17175130","7332013","7794776","5932730","3903330","2824086","1270913","1731609","1603972"
"2026-02-08","16048519","7184493","7718821","5929221","3933536","3030218","1012658","1746713","1574919"
"2026-02-09","15183940","5708349","6322585","5407348","3542546","2711938","1060867","1536030","1518718"
"2026-02-10","15488623","6032249","6345919","5084854","3769705","2306157","1095558","1585068","1545946"
"2026-02-11","15038211","6537346","6431351","4920354","3541596","2721578","1279772","1716074","1466565"
"2026-02-12","14852079","6483502","6291295","5479483","3590876","2536272","1647810","1708666","1502116"
"2026-02-13","16157526","7499644","6856034","5579587","3621984","2766558","1721521","1677051","1704520"
"2026-02-14","17402236","7841615","7924081","6083820","3804345","2945833","1548603","1735262","1552115"
"2026-02-15","16981438","8272937","8240456","6176521","3603980","2883586","1141458","1812839","1655133"
"2026-02-16","17153994","8838674","8158796","5398592","3600872","2647022","1240683","1720971","1609119"
"2026-02-17","17385250","8275280","7958076","4884620","3308318","2598224","1388488","1620711","1604525"
"2026-02-18","18404576","8941528","7589222","5049181","3463894","2765138","1408432","1449542","1498984"
"2026-02-19","18648649","8589345","6315716","4862804","3648773","2758195","1896790","1562403","1558268"
"2026-02-20","18239867","7587102","6558275","4861423","3815063","2703637","1845208","1699653","1560992"
"2026-02-21","18387883","6503497","7784802","5399719","3887965","3031085","1695770","1732730","1571352"
"2026-02-22","17582622","5856965","7638212","5514868","3919419","2486987","1744306","2066188","1546047"
"2026-02-23","17308803","5500072","6374741","5283318","3700302","2595869","1571099","1787030","1548948"
"2026-02-24","17990491","4933445","6033279","4874668","3664865","2853507","1746760","1776959","1575107"
"2026-02-25","17765573","6017991","6117811","4796054","3668487","3094832","1640029","1479638","1408847"
"2026-02-26","17760671","5891642","6357618","4924564","3846373","2836920","1774068","1423268","1573349"
"2026-02-27","18291630","6634219","6521128","4794118","3774784","2926572","1799987","1621112","1714167"
"2026-02-28","18827212","7090642","7433904","5366190","3880650","2983445","1801481","1695227","1601903"
"2026-03-01","18536069","7173996","7324833","5661684","3975688","3064357","1728199","1772456","1598179"
"2026-03-02","18128062","5492717","6264094","5083356","3758544","2949532","1452084","1657851","1627484"
"2026-03-03","17916643","6134481","5697750","5107357","3562789","2934112","1502153","1441179","1439360"
"2026-03-04","19086141","5775944","6103053","4881009","3819080","2990567","1550621","1487060","1631217"
"2026-03-05","19686466","5857610","5874185","5170224","3524822","2586225","1897081","1522111","1623756"
"2026-03-06","21386856","6538626","5953265","5088610","4036225","3122116","1616368","1724667","1553493"
"2026-03-07","20800380","7104146","6951843","5767225","3894185","3153286","1390452","1723511","1687013"
"2026-03-08","21043939","7438074","7422645","5582730","3794218","3418910","1302251","1770586","1714559"
"2026-03-09","20601927","6524628","5649255","5335370","3828988","3013727","1406732","1694873","1595223"
"2026-03-10","21300670","5951450","6019939","4764380","3851437","2862794","1549387","1730010","1463074"
"2026-03-11","22191661","6747700","5988890","5019913","3803569","2722696","1603572","1586466","1410455"
"2026-03-12","22294049","6789588","5509396","5340588","3926596","2801630","2052752","1797619","1463299"
"2026-03-13","22227163","8347374","5948032","5523131","4475200","3584758","2207195","1546476","1646616"
"2026-03-14","22614553","8666847","6622231","5744310","4245948","3711575","2176564","1699240","1601929"
"2026-03-15","23389787","8069231","7100686","5370593","4283932","3353440","1950384","1755994","1442016"
"2026-03-16","23157172","6521566","5585808","5648665","4277075","3556658","1928375","1615439","1588871"
"2026-03-17","23594129","6925145","5587720","4931290","4181943","3689787","1868235","1579116","1293290"
"2026-03-18","23361455","6779240","5190633","4741408","4313193","3597570","1956840","1538944","1506953"
"2026-03-19","24431642","6566495","5944431","4804716","4511575","3526552","2012306","1550883","1279987"
"2026-03-20","25160913","6898900","5607635","4799347","4806918","3967436","2320681","1530495","1382102"
"2026-03-21","26033165","8240542","6502536","5111755","4655913","4252169","2438595","1732824","1543146"
"2026-03-22","25418936","7421237","6679849","5376153","4589312","4108491","2310592","1713725","1542084"
"2026-03-23","24915682","6778805","5308560","5021396","4900968","4284732","2114893","1917968","1289544"
"2026-03-24","25478947","6613007","5317339","4916156","4587960","4471825","2047671","1552192","1272796"
"2026-03-25","24546375","7016353","5175680","5249637","4375843","4039651","2086202","1526170","1285742"
"2026-03-26","23792068","6802852","5190880","4939115","4388978","3831688","2105942","1464042","1245596"
"2026-03-27","24022663","7151943","5454089","5449388","4390758","4384076","2009699","1445401","1346647"
"2026-03-28","24468883","7488096","6183957","5484535","4397614","4130847","1765644","1925531","1524495"
"2026-03-29","23103742","8135637","6220320","5510539","4464408","4230837","2000811","1749176","1671247"
"2026-03-30","23334304","7322079","5452461","5907973","4171979","4226692","2003635","1821124","1341415"
"2026-03-31","21902732","7653678","5095227","5821590","3994414","3942266","1833583","1796802","1535189"
"2026-04-01","22128177","6976337","5476346","5853634","3880423","4260369","1828839","1789375","1338540"
"2026-04-02","22887713","7909778","5682277","6297233","4226245","4519391","1843157","1889922","1565038"
"2026-04-03","23411941","7918728","7177230","5777674","4466937","4852653","1990872","1992566","1531330"
"2026-04-04","23545557","9105539","6836843","5943200","4319849","4677299","1647325","1966684","1626306"
"2026-04-05","22293363","9168871","6788851","6047402","4280572","4921179","1244267","1753441","1576788"
"2026-04-06","21119472","6842187","5377462","5756012","3576471","4315853","1129463","1585374","1439192"
"2026-04-07","21686791","7105308","4666596","5366181","3812752","4703524","1298846","1413534","1327742"
"2026-04-08","21388022","7547760","5648326","5762087","3863962","5351307","1309667","1551866","1309028"
"2026-04-09","22239861","6811513","5473833","5883782","4028527","5468111","1461158","1608871","1346449"
"2026-04-10","22456646","8321596","5476577","5706165","3969002","5497540","1985129","1588979","1370993"
"2026-04-11","22771640","9367501","6472356","5362266","3868395","5029598","1603451","1785798","1689915"
"2026-04-12","22157848","9220009","6053502","5783789","3960130","4838034","1335184","1864293","1658525"
"2026-04-13","20282316","8371855","5040104","5249527","3270446","5185773","1315918","1562033","1278797"
"2026-04-14","21431419","8608458","4802070","4698057","3701293","5275728","1296502","1440789","1187211"
"2026-04-15","20279141","8259553","4931458","4695898","3341986","5413989","1281865","1536032","1180379"
"2026-04-16","21083004","9338203","5173077","4668961","3674242","4902518","1572707","1298353","1155854"
"2026-04-17","22535337","8767505","5013248","4904482","4027190","5399304","1453111","1469911","1206813"
"2026-04-18","22808351","10843792","5947547","5220752","3888349","4500148","1511099","1545228","1489629"
"2026-04-19","21996159","10065202","6086003","5481226","3937655","4690178","1295632","1656451","1586150"
"2026-04-20","20347847","9296382","5653896","4881607","3642139","5083257","1380598","1502676","1372092"
"2026-04-21","20902784","9251634","6105019","5367950","3584922","5287860","1288046","1635178","1324487"
"2026-04-22","20504948","8941194","5252969","5382673","3506624","5100960","1277157","1650565","1334086"
"2026-04-23","20439797","8836175","5180088","4798811","3567086","5267881","1640071","1471630","1274572"
"2026-04-24","22222272","9954329","5086117","5062306","3811842","5573095","1950673","1580448","1333598"
"2026-04-25","22871708","10474663","6076363","4991647","3928400","5623227","1624357","1762586","1604729"
"2026-04-26","22047691","11133653","6592071","5850173","4085727","5977280","1241216","1615880","1482467"
"2026-04-27","21118754","10959719","5133662","4996910","3342275","5667331","1264854","1406677","1266724"
"2026-04-28","20811416","9622232","4629126","4658133","3368006","6236917","1393986","1441964","1183399"
"2026-04-29","20463892","10414318","4981724","4946700","3488802","5999998","1456524","1545585","1415510"
"2026-04-30","22157448","12346703","4927667","5104292","3702334","5633336","1687666","1528141","1429829"
