"날짜","미국 수익 ($)","사우디 아라비아 수익 ($)","터키 수익 ($)","독일 수익 ($)","일본 수익 ($)","대한민국 수익 ($)","우크라이나 수익 ($)","아랍에미리트 수익 ($)","캐나다 수익 ($)"
"2025-01-01","256385.88","115023.98","75823.72","82912.86","181128.22","85508","29962.43","41323.37","32632.17"
"2025-01-02","215182.63","112137.47","67002.29","75675.36","87656.65","58416.05","30636.91","38376.36","30190.31"
"2025-01-03","306412.03","118008.4","75806.7","81851.81","87944.98","48165.37","33112.21","33359.81","46567.49"
"2025-01-04","226276.63","82488.43","74573.43","70557.91","57796.61","53186.54","30107.52","30005.08","37515.09"
"2025-01-05","202576.27","119286.38","68718.47","60605.9","42909.99","45965.32","28767.79","26004.61","32370.85"
"2025-01-06","177650.31","79929.18","68537.28","60155.31","42847.87","40887.12","30773.15","29806.58","25890.12"
"2025-01-07","155630.24","52297.13","75446.43","58342.01","40157.95","44744.03","30983.22","34765.68","23540.66"
"2025-01-08","148055.62","80520.63","76570.66","48516.76","38064.02","41647.35","29739.13","27640.86","18419.37"
"2025-01-09","293524.63","89007.94","79268.02","59340.12","35320.41","50528.21","45887.91","26368.38","43525.36"
"2025-01-10","423410.57","107426.66","95458.33","101859.93","80558.8","74592.97","71110.96","37187.87","70092.33"
"2025-01-11","446157.38","95529.71","74203.06","93567.82","71475.17","69882.35","77998.76","35476","58319.26"
"2025-01-12","387676.37","135864.21","79293.46","107853.29","114414.58","73140.31","83579.56","64109.25","52867.73"
"2025-01-13","274261.74","108692.55","91743.18","72509.92","102818.19","57608.08","60525.93","50903.78","33346.88"
"2025-01-14","251448.84","97938.83","85298.35","78094.86","85154.46","67065.16","53908.69","43515.77","38903.22"
"2025-01-15","207164.4","97790.84","70247.11","78010.26","68744.27","62702.39","54764.67","40344.1","31157.43"
"2025-01-16","211651.04","106393.38","76498.71","78422.3","55072.48","71933.64","54307.55","33568.35","32112.48"
"2025-01-17","278029.65","82505.29","86578.6","86840.36","60006.61","90184.43","58276.83","37905","44047.89"
"2025-01-18","244143.98","71080.77","83661.99","75464.74","49990.48","84437.47","56523.35","33100.11","36276.9"
"2025-01-19","254455.07","106072.56","71469.75","68314.36","54662.68","60124.77","52366.31","29012.77","32495.27"
"2025-01-20","223577.75","78189.75","78796.77","62110.76","48483.29","70160.05","45175.6","30737.2","29338.67"
"2025-01-21","174806.89","80301.61","81441.82","58987.73","42396.64","72176.14","46194.84","30778.83","26544.68"
"2025-01-22","185689.41","88203.12","80361.71","63236.03","40805.37","60511.25","47694.85","34079.9","29981.94"
"2025-01-23","468683.45","90396.52","82907.17","78706.07","45860.41","74089.82","53422.62","34020.1","65396.14"
"2025-01-24","569290.95","113529.21","116503.75","118547.49","120466.29","105400.08","91771.35","87181.64","100615.22"
"2025-01-25","431858.85","81187.46","93545.55","100412.63","129528.55","91542.9","69915.73","36107.27","52595.87"
"2025-01-26","350506.49","122582.6","75444.11","74836.19","62464.22","81802.94","67128.61","30303.59","44082.72"
"2025-01-27","260986.64","124201.63","76324.18","64603.16","53286.86","83692.27","55147.98","47680.37","34240.13"
"2025-01-28","255306.18","105572.1","76336.43","68740.93","58652.03","104413.38","52687.54","47931.36","36875.37"
"2025-01-29","263126.63","104286.17","82813.48","82361.52","52713.5","113401.35","55558.69","47449.66","34886.04"
"2025-01-30","274068.79","113739.28","82182.46","89078.03","52782.11","125807.56","49907.81","40342.18","38164.54"
"2025-01-31","342557.06","113197.79","90559.8","109636.31","75543.08","128869.68","56330.58","42023.33","56048.82"
"2025-02-01","266915.29","90732.46","72843.39","100213.34","138667.21","126655.99","57841.49","44800.34","37430.05"
"2025-02-02","228052.28","124820.56","66743.19","70332.71","75017.83","85551.58","50034.45","41386.03","31938.53"
"2025-02-03","193561.49","99260.34","76727.66","64855.68","51430.92","72964.33","43209.93","38152.48","28436.38"
"2025-02-04","179679.93","79495.17","75541.72","57591.82","46164.98","62984.2","42835.45","34449.01","22109.35"
"2025-02-05","167009.38","100063.89","81062.95","62180.2","66403.5","73385.49","46321.63","34892.93","21460.43"
"2025-02-06","217600.63","88741.41","73708.85","63277.77","52518.68","69198.19","43584.22","31094.99","34309.66"
"2025-02-07","301325.26","98370.98","87282.07","70945.95","64011.62","84461.92","42928.1","49751.51","42673.1"
"2025-02-08","223236.72","84229.49","74255.14","68718.32","49474.02","83699.17","62187.41","40647.96","34131.27"
"2025-02-09","194889.32","106289.42","79138.39","64551.95","48963.61","63831.57","54538.23","30375.51","24454.6"
"2025-02-10","187540.58","96660.3","82995.15","62501.22","58253.26","72908.32","44848.77","25484.49","27864.66"
"2025-02-11","181674.82","58782.33","81286.2","55560.92","63612.91","70211.06","45629.78","33232.87","30395.03"
"2025-02-12","156496.27","52958.62","79588.87","58275.44","51210.16","71098.35","54839.71","24943.97","29377.94"
"2025-02-13","202329.03","59638.18","84675.59","69374.37","45427.55","69782.61","58135.63","32781.51","32589.98"
"2025-02-14","261629.54","71151.04","80168.41","81992.35","69013.43","74691.44","73956.69","33072.56","49969.34"
"2025-02-15","229300.52","57503.35","68928.89","80062.37","56635.16","75456.54","67741.89","30505.69","39333.07"
"2025-02-16","207314.56","62546.04","67074.49","70495","44777.67","59203.61","59966.4","23132.43","38104.3"
"2025-02-17","200067.45","45856.33","77184.78","61045.3","37752.92","52228.87","48309.77","27532.43","31900.91"
"2025-02-18","165987.69","48307.93","70522.5","56707.81","27838.85","57876.11","46544.97","18858.19","22858.93"
"2025-02-19","186465.95","56634.74","69274.63","63851.92","28150.37","54499.52","50353.18","21783.47","26398.99"
"2025-02-20","329477.9","64503.39","70462.34","65963.98","32095.63","57593.55","48251.15","25959.12","39852.05"
"2025-02-21","376436.5","88506.33","87108.05","86415.39","60759.38","68528.16","67225.85","42537.82","57489.52"
"2025-02-22","269461.09","68027.82","72554.92","68940.63","79742.33","61764.6","60255.6","23671.63","38224.17"
"2025-02-23","243863.48","110460.08","62737.32","63159","45943.99","54965.24","58395.2","23564.74","35455.9"
"2025-02-24","201610.18","82266.13","89460.36","56635.06","39937.86","53760.91","46575.41","22591.78","26964.26"
"2025-02-25","194392.83","77311.15","65031.25","55104.87","37329.44","57146.64","51535.53","24565.96","23989.57"
"2025-02-26","209058.85","82294.08","71929.04","62191.06","37343.96","51322.43","51721.52","29447.34","25495.88"
"2025-02-27","218054.04","127878.32","76609.04","63446.33","37871.07","52719.91","51556.98","46519.12","30397.53"
"2025-02-28","302980.43","166651.08","91488.09","87609","77891.08","69068.07","41746.27","86188.05","40033.91"
"2025-03-01","206898.12","101959.51","80940.64","75241.22","108741.22","68814.17","43078.46","60988.68","27968.36"
"2025-03-02","187720.58","128482.11","63539.53","64524.2","54557.09","53240.87","35980.96","41160.33","23037.55"
"2025-03-03","170940.76","86632.64","73121.58","48556.08","42896.45","48381.37","29721.17","36193.54","19489.4"
"2025-03-04","161102.27","78600.98","65728.09","48916.83","36324.5","38702.61","29260.05","37218.32","15259.55"
"2025-03-05","143017.55","88916.41","64308.89","49899.03","34544.52","30817.46","33290.45","40625.56","16880.48"
"2025-03-06","287802.63","106700.55","70688.5","55405.04","35273.79","37300.77","33620.96","37701.47","29741.09"
"2025-03-07","548869.94","113595.06","98945.55","101106.43","88713.51","84665.01","79362.62","67558.52","63821.03"
"2025-03-08","557297.42","109281.06","87449.21","109235.45","129572.4","79596.59","76698.17","70810.57","67821.66"
"2025-03-09","415414.75","144867.88","81393.67","83186.8","76530.13","65877.36","63219.91","49412.26","50987.54"
"2025-03-10","317514.23","100104.12","104266.42","79618.05","66746.27","75972.99","57207.09","53687.59","37456.84"
"2025-03-11","336023.41","103577.02","89054.97","75648.11","65743.52","64676.55","52746.71","68829.64","44813.72"
"2025-03-12","397387.63","161764.4","87155.14","97428.91","101420.25","81038.99","60703.64","64215.64","49910.2"
"2025-03-13","618920.92","145943.96","91440.1","101067.09","166474.61","99442.74","61926.17","62721.3","83542.08"
"2025-03-14","775946.14","133606.33","104163.94","138327.87","218456.56","167433.72","79390.55","101084.01","115865.89"
"2025-03-15","533739.74","120331.04","79447.3","121744.58","151426.17","110190.15","77412.21","88972.02","83207.89"
"2025-03-16","442562.86","155961.71","74268.96","101814.8","111652.23","93648.1","57657.38","66806.23","51188.21"
"2025-03-17","373613.79","107511.69","83773.32","92375.5","73987.49","87272.06","55505.49","49961.93","49826.34"
"2025-03-18","296669.3","102530.52","77667.19","89339.79","54739.12","83735.26","53037.41","45677.09","39216.23"
"2025-03-19","296682.63","105457.59","82754.43","77694.01","61400.42","81935.56","50565.16","49037.38","38310.18"
"2025-03-20","466644.27","119597.62","81026.56","96508.85","59092.46","74136.78","50531.04","66144.71","90260.69"
"2025-03-21","645898.48","133558.22","105819.84","124828.33","81664.15","90378.68","66167.8","122588.13","114658.29"
"2025-03-22","531805.21","116445.97","96159.42","104875.51","78699.28","81141.98","59289.66","79143.25","60322.45"
"2025-03-23","437356.76","139285.46","79645.31","91465.61","60553.01","62906.43","58166.49","43718.43","51650.05"
"2025-03-24","367001.78","107356.1","100969.33","75958.96","48462.69","59194.76","51676.17","49182.81","49881.53"
"2025-03-25","314865.4","144432.24","77218.71","86448.16","70239.24","59832.88","53112.42","54213.43","44095.35"
"2025-03-26","320633.71","130017.35","100444.86","73661.62","57144.78","54809.19","54069.33","60824.83","36861.2"
"2025-03-27","477274.37","142331.16","103514.45","82651.41","69034.19","60713.97","51967.71","78387.91","46412.65"
"2025-03-28","652788.76","143913.07","99372.9","140102.97","129249.88","69570.41","66092.75","135623.71","66106.67"
"2025-03-29","531664.7","98546.21","106846.59","125149.34","145163.31","62780.61","63172.6","93876.22","55494.05"
"2025-03-30","442447.68","126672","96295.97","97139.49","93184.28","52759.72","55340.39","51259.27","48534.39"
"2025-03-31","392179.91","97142.28","95002.33","92469.75","96873.31","64740.33","49128.15","61214.83","41275.83"
"2025-04-01","336336.06","99728.59","109811.31","100273.62","172281.99","77599.44","61228.65","80049.64","37628.28"
"2025-04-02","287425.91","123075.29","104790.41","80473.34","103826.66","69568.28","50893.3","58282.05","32045.25"
"2025-04-03","667447.32","136600.56","96364.79","67149.64","69265.68","59837.21","46307.6","67902.8","106692.13"
"2025-04-04","1236418.83","140299.97","111307.37","174930.25","193044.52","82022.07","98751","119251.51","168297.17"
"2025-04-05","844464.59","91935.55","93540.85","155846.28","168896.01","75861.74","73818.99","129312.14","107642.53"
"2025-04-06","704443.75","133273.97","99913.8","114767.09","150373.78","62471.34","60960.66","97178.57","81843.67"
"2025-04-07","538178.13","108653.24","99447.78","89391.39","77011.72","69878.62","58354.04","72515.31","45635.94"
"2025-04-08","450305","110625.95","93178.59","87968.85","64708.73","62850.93","59948.54","59573.66","58760.79"
"2025-04-09","422188.57","102230.19","87237.77","96948.85","66222.56","76722.43","54871.18","55668.48","44824.52"
"2025-04-10","400352.61","119351.93","98632.15","113896.97","87346.3","76232.91","60233.81","60050.94","58141.35"
"2025-04-11","540599.18","113589.98","103198.33","116808.39","67640.49","83247.97","72180.4","69246.93","74847.72"
"2025-04-12","454564.99","89904.85","86608.67","105045.95","63614.51","76544.84","60654.14","64588.9","61312.73"
"2025-04-13","438144.4","135603.95","78737.67","100246.83","55437.15","59690.01","57833.61","63605.69","56895.88"
"2025-04-14","317835.39","100756.19","91757.14","84567.81","46220.01","61348.22","51399.02","61378.58","43096.1"
"2025-04-15","272596.5","91330.83","84968.65","80726.63","48299.88","59150.95","55963.1","65265.2","44486.74"
"2025-04-16","291575.49","82136.84","89439.44","89300.41","47710.58","59073.53","54244.62","57369","47157.58"
"2025-04-17","312022.53","97187.63","93057.13","95750.03","44605.68","55735.06","47672.48","49993.9","61955.21"
"2025-04-18","441023.59","88757.18","118265.33","105739.38","46622.39","67491.93","59813.16","57370.76","73058.4"
"2025-04-19","334575.9","75911.47","95097.6","96047.54","43510.96","64754.97","59892.69","49196.17","54323.74"
"2025-04-20","305972.34","111582.43","86504.55","80668.58","40204.13","45189.3","54237.12","45168.93","39223.28"
"2025-04-21","285114.12","85906.07","88882.94","76475.82","31814.5","41468.12","53039.37","35698.1","44298.81"
"2025-04-22","286942.43","93404.4","86233.66","62269.7","34352.68","37033.83","49016.07","36883.32","44261.52"
"2025-04-23","241317.99","92675.81","79265.1","61428.75","33798.99","43564.24","48664","35475.12","46547.13"
"2025-04-24","396137.78","110863","82401.33","63916.72","35727.42","44880.45","51669.26","45371.11","53642.21"
"2025-04-25","589761.36","99170.23","110643.48","94255.18","94863.93","61435.53","62253.46","88139.35","72647.4"
"2025-04-26","388753.64","89413.29","93001.71","75513.58","122162.63","59243.26","62828.77","62613.23","53424.25"
"2025-04-27","307240.62","161274.44","91778.26","77077.75","60176.27","43596.05","56988.54","61451.78","47787.59"
"2025-04-28","266233.83","110322.48","81356.69","81311.27","56810.5","42852.08","49242.87","69171.24","39967.13"
"2025-04-29","248270.86","92185.91","75626.94","79093.31","60246.29","39579.57","51233.45","55397.26","35976.29"
"2025-04-30","250469.97","117059.78","88794.02","108270.29","86672.97","61624.8","55696.65","69018.32","40774.09"
"2025-05-01","271872.17","129191.13","93467.28","93579.58","152666.79","61252.93","56257.59","68263.7","41613.74"
"2025-05-02","304364.03","119331.5","107380.08","67321.64","57432.28","54079.72","51599.96","63905.33","42510.27"
"2025-05-03","256891.64","84935.72","64980.72","66855.16","53838.45","56339.14","33821.78","51460.78","43442.22"
"2025-05-04","251734.09","113342.14","66837.92","63869.58","37090.99","38177.42","29893.59","51938.41","31050.63"
"2025-05-05","232876.63","83360.4","75173.21","56248.92","36631.83","43964.99","30839.34","39990.24","26566.61"
"2025-05-06","223877.77","85860.04","67759.78","51713.72","34851.01","43630.19","31195.51","40499.57","26887.71"
"2025-05-07","160277.76","91784.08","69890.39","54000.79","40269.82","40996.11","35805.19","36945.7","23031.87"
"2025-05-08","246640.44","100719.15","82401.54","45989.46","44692.8","50470.21","54609.79","44174.38","42531.56"
"2025-05-09","439288.89","110023.08","95759.41","71670.77","72010.69","72912.46","64734.7","61434.06","67461.73"
"2025-05-10","334998.6","93781.37","79991.96","65599.81","61791.49","62616.11","61404.09","48967.07","55344.22"
"2025-05-11","362898.76","129952.31","89558.94","76183.88","81380.18","51940.45","59572.06","59160.16","51068.8"
"2025-05-12","272915.93","113322.74","88053.07","57237.85","65586.88","51639.86","49992.13","45109.16","33053.68"
"2025-05-13","210413.67","97826.97","71867.65","52492.85","55252.93","39792.65","48363.1","48188.65","30103.44"
"2025-05-14","187978.04","93500.49","70287.57","59356.17","50248.19","48700.7","44677.09","47325.03","29021.71"
"2025-05-15","216106.78","93829.46","74585.91","56387.98","55147.88","54434.01","55588.22","44535.6","32354.75"
"2025-05-16","262201.01","67676.83","86627.02","61356.47","125330.52","75246.39","57703.43","58274.58","42433.9"
"2025-05-17","212104.68","55029.94","70222.08","63335.58","143002.54","67761.47","55285.95","32750.17","28582.98"
"2025-05-18","193776.66","67604.58","61473.02","52648.16","73922.73","53340.77","52761.09","29749.82","26894.11"
"2025-05-19","176814.25","53281.25","72797.94","47173.75","48236.56","50360.27","42063.44","30713.1","25763.16"
"2025-05-20","193576.21","51689.13","67506.14","49438.77","45679.44","54888.12","49428.21","32848.94","29357.59"
"2025-05-21","176431.43","57895.63","66344.26","44098.76","57809.08","67720.89","48765.02","29357.78","23276.01"
"2025-05-22","192612.95","57706.69","71238.86","50729.27","41557.67","50447.44","50214.95","26009.52","31608.99"
"2025-05-23","250754.54","61355.73","82630.19","67792.24","64925.28","63342.4","57975.84","41434.57","34456.02"
"2025-05-24","203503.12","49408.69","69046.37","52188.83","57173.71","56075.71","53310.43","36191.25","29306.69"
"2025-05-25","205536.8","64717.42","67303.9","55986.04","47182.88","42610.73","52940.23","37130.65","24537.5"
"2025-05-26","297268.26","68694.21","71159.33","47511.2","44302.96","42846.13","49984.49","54480.68","45789.23"
"2025-05-27","252764.04","94506.3","76186.87","68572.68","62467.16","47756.03","53767.65","71813.1","40307.39"
"2025-05-28","253720.56","106626.16","75684.08","74185.29","80538.34","55351.19","52317.34","73855.02","34548.9"
"2025-05-29","310335.55","107923.03","72406.07","72489.22","63799.73","56567.66","52763.44","61424.45","42811.98"
"2025-05-30","419109.87","114812.09","79448.51","110419.11","173539.25","69238.2","61048.21","76113.24","53408.51"
"2025-05-31","313162.75","76145.79","75781.67","94316.52","135322.25","88780.98","62627.04","57410.84","37218.13"
"2025-06-01","243459.33","126809.33","72145.23","73572.65","187915.49","79693.94","58290.5","75441.64","29944.42"
"2025-06-02","230421.93","94874.58","73800.76","53734.24","62162.22","62759.82","41462.17","62542.29","25005.08"
"2025-06-03","223064.69","87276.01","67371.85","59037.79","54870.21","58329.49","40510.46","48373.2","27900.6"
"2025-06-04","157218.32","94208.7","63816.9","49364.82","43330.94","49321.59","39860.12","44760.89","18917.39"
"2025-06-05","329607.37","92176.68","76894.74","49558.95","51062.21","61736.21","44685.81","45325.82","45089.48"
"2025-06-06","565913.27","100430","102931.17","79837.31","104108.84","81950.13","60947.23","102789.35","92422.11"
"2025-06-07","362599.95","93932.79","82950.98","72540.04","137851.12","72814.59","56101.5","61609.28","47471.46"
"2025-06-08","282630.55","124002.04","65138.33","58453.23","70164.83","56880.52","52294.38","50237.05","29795.89"
"2025-06-09","234738.86","85732.06","65726.77","55389.87","54141.92","60863.51","44026.24","36291.38","22163"
"2025-06-10","188784.16","83716.2","62148.13","48827.14","72588.19","68023.02","46459.44","50755.94","21992.6"
"2025-06-11","168467.71","96852.68","70750.83","59756.31","43186.33","74121.58","47000.65","40351.16","22710.73"
"2025-06-12","216740.48","93304.41","70641.72","56544.12","51485.79","66878.73","42391.64","38343.42","29986.44"
"2025-06-13","288719.64","100766.21","76870.17","65407.4","88827.73","69115.52","54397.15","49778.98","39140.73"
"2025-06-14","206896.34","79965.61","75188.7","67404.33","72601.39","67889.07","57442.86","48322.61","27998.53"
"2025-06-15","200632.84","110196.39","67702.26","58507.94","65795.89","53144.17","50089.39","31317.28","21631.24"
"2025-06-16","189457.1","84096.15","65635.47","39961.83","62879.04","44705.42","41676.92","34242.68","21596.1"
"2025-06-17","174032.91","79498.44","65681.68","49619.23","54596.26","36934.68","46915.27","27450.11","21218.04"
"2025-06-18","178415.77","89381.21","61412.84","46461.61","51636","34276.45","42284.63","29067.91","21600.65"
"2025-06-19","184170.85","60227.64","60830.15","49335.88","37408.52","40218.38","43180.72","27118.54","24623.03"
"2025-06-20","218190.59","58509.19","73913.86","52170.13","42598.21","45834.93","62744.04","31882.05","29967.5"
"2025-06-21","179017.37","51329.91","59503.55","43865.01","35373.87","39534.69","54811.1","30668","24627.81"
"2025-06-22","164604.33","57361.02","53612.8","39673.08","37995.68","31771.39","52443.34","24937.33","19408.34"
"2025-06-23","164289.17","47556.4","59686.28","39804.26","36313.12","32473.24","41842.27","16805.1","19824.34"
"2025-06-24","137370.79","44777.86","63056.99","34298.04","27913.54","32780.11","39475.79","27533.45","17804.98"
"2025-06-25","175828.75","54950.05","67351.11","39405.6","51500.57","39648.17","45033.27","36204.74","18216.17"
"2025-06-26","270372.29","80201.21","66283.34","40404.18","42782.35","46167.97","47759.99","65200.71","31562.22"
"2025-06-27","373604","120162.5","81933.04","70995.4","65865.3","50605.02","55278.55","70179.5","46330.61"
"2025-06-28","222242.16","66308.51","69430.92","60447.56","66603.48","48261.61","53982.87","62615.26","32066.05"
"2025-06-29","176296.71","66917.25","64519.24","49555.43","62723.9","37691.71","50040.75","44260.11","24246.58"
"2025-06-30","149795.29","54785.99","65901.08","54313.39","51214.41","48420.84","46234.57","45131.97","24323.61"
"2025-07-01","165063.02","66955.93","70811.01","56338.03","126701.35","50726.6","46303.08","59459.29","20726.72"
"2025-07-02","124630.45","61256.53","68965.28","45732.06","45051.31","40863.96","39701.21","40467.56","14445.88"
"2025-07-03","161006.16","65975.73","64963.59","42117.17","33785.62","40064.69","28860.3","42236.72","19260.98"
"2025-07-04","215692.56","69152.44","73352.74","62363.16","36878.92","42208.15","25680.33","48909.35","28039.44"
"2025-07-05","148661.69","49588.3","64326.12","44586.59","40303.04","35744.66","24371.11","37021.3","21478.33"
"2025-07-06","139732.5","48329.65","58713.74","45696.68","34734.05","35100.97","25577.52","29728.92","17014.51"
"2025-07-07","97505.29","49414.38","55787.4","30247.53","24720.63","27452.14","18943.99","19962.9","13248.74"
"2025-07-08","131273.55","44600.02","59905.93","31216.75","21465.39","25936.07","19103.02","27078.28","15092.96"
"2025-07-09","493279.45","92024.11","60908.54","42729.25","27109.37","35286.2","44925.28","32985.95","64285.85"
"2025-07-10","651852.59","130560.01","102095.81","103387.63","170477.46","99205.39","72780.72","104245.57","93169.52"
"2025-07-11","634912.79","104192.68","109742.05","118613.88","177752.96","90912.37","66907.03","75403.88","89508.29"
"2025-07-12","513469.37","113146.36","93447.39","114751.01","129454.53","88590.23","65118.94","74289.21","71535.61"
"2025-07-13","465145.42","143981.41","95128.44","103574.79","101122.14","72682.92","61895.25","55058.37","56914.93"
"2025-07-14","385306.53","116827.42","69876.32","80144.35","78260.89","77073.44","51227.03","56379.89","49735.79"
"2025-07-15","321144.06","102710.98","64053.42","89114","80670.03","76754.66","54062.26","60019","33923.18"
"2025-07-16","279893.04","95169.82","62029.45","87378.17","57835.47","70677.59","53819.79","56601.08","37255.91"
"2025-07-17","481535.56","101517.09","63152.91","73309.29","50835.71","68810.56","51926.39","45290.73","43523.7"
"2025-07-18","560519.16","107127.83","85579.89","93450.36","104580.83","85475.88","59678.35","61113.59","63781.22"
"2025-07-19","436130.6","90947.2","65948.29","68727.65","132624.37","77972.25","54431.79","48401.88","50902.41"
"2025-07-20","337283.21","125995.49","61422.77","64867.62","75829.17","65584.39","45665.01","45585.98","33765.37"
"2025-07-21","233452.03","80734.57","65369.55","54354.51","53867.12","67385.56","46924.49","42466.74","30202.34"
"2025-07-22","235100.61","81994.93","63745.5","48612.57","40593.05","55092.39","54005.74","37142.46","24672.69"
"2025-07-23","277047.17","89069.66","75963.66","56067.22","47406.61","53061.28","52051.19","43124.36","36439.33"
"2025-07-24","350871.82","99560.26","67141.14","59097.99","53881.32","73411.48","48639.68","44925.61","39916.33"
"2025-07-25","389521.19","100848.49","76432.91","77091.44","102376.34","69834.32","52357.57","62245.96","43740.54"
"2025-07-26","299551.59","83868.48","71048.92","74570.22","83498.06","64282.15","54420.19","68598.61","40216.01"
"2025-07-27","302198.51","175833.73","70696.92","68532.78","61601.73","51944.02","51765.17","62636.33","31006.44"
"2025-07-28","238423.28","117577.36","68869.75","54284.55","43831.55","54671.19","46013.32","57586.65","30725.06"
"2025-07-29","261093.31","68009.94","65624.18","70972.93","42293.99","49350.81","42268.29","66203.01","36479.12"
"2025-07-30","244116.3","82818.34","72091.36","61434.52","45870.3","46728.09","44088.74","53722.53","35217.48"
"2025-07-31","301679.66","98927.7","67088.25","92584.83","68187.67","78557.91","49544.89","56852.29","41991.48"
"2025-08-01","310611.85","112537.37","86014.76","96224.22","130217.51","88347.31","59081.59","65647.37","42384.47"
"2025-08-02","232813.65","73464.26","68885.41","64737.92","62091.12","61692.99","46558.62","61292.94","30322.92"
"2025-08-03","225986.79","74289.62","60162.55","59140.32","56687.76","59860.28","42716.02","52220.37","28469.39"
"2025-08-04","218163.9","65602.31","69410.92","45837.58","38686.83","54044.04","44358.08","35490.64","25816.25"
"2025-08-05","179656.83","68580.56","64000.84","48471.59","47261.33","50612.93","43732.48","40377.7","21370.79"
"2025-08-06","148155.55","62592.6","81281.79","49555.73","42535.89","50993.07","44051.8","28068.86","20524.45"
"2025-08-07","386572.97","75502.91","83364.47","53127.71","52582.44","59231.6","48445.85","40153.97","55723.51"
"2025-08-08","571869.46","128454.23","120984.98","113366.89","159395.03","91884.25","74654.8","88460.7","70721.66"
"2025-08-09","443027.09","99204.75","79311","94789.65","137349.05","80299.16","68337.11","82129.29","60301.81"
"2025-08-10","450098.4","141230.42","81383.72","82845.38","156890.91","62206.21","64104.11","60455.51","42842.46"
"2025-08-11","330444.46","86810.45","67808.02","68073.8","79760.05","77431.96","50706.37","57917.77","30958.32"
"2025-08-12","319793.13","96699.06","78433.89","75638.05","59722.24","76594.23","50824.26","52900.3","37103.99"
"2025-08-13","294555.5","105647.25","71775.33","71483.09","90655.16","80030.19","52289.92","48445.61","32482.79"
"2025-08-14","314784.54","113361.62","72429.91","79619.9","82568.55","75827.16","56621.75","47815.79","34363.27"
"2025-08-15","397470.26","104407.66","71515.27","90914.46","81545.78","81183.75","62637.08","52448.35","51021.09"
"2025-08-16","328144.51","80259.72","86725.68","76887.01","63550.14","80571.78","59746.7","44071.64","48736.73"
"2025-08-17","286389.31","129302.23","71069.92","71789.97","50502.45","58562.12","55743.4","39237.63","38832.8"
"2025-08-18","295785.4","96636.08","71875.25","64604.2","54302.63","69695.1","48984.7","44504.7","34587.49"
"2025-08-19","280241.45","98744.82","71381.42","60087.85","46213.81","60528.11","44925.25","44548.85","29492.96"
"2025-08-20","280678.25","97906.02","78305.73","61197","61222.11","57577.92","52716.82","47641.47","34191.74"
"2025-08-21","295530.08","101845.62","69699.8","57008.59","46336.77","57820.6","54863.57","44482.74","32201.91"
"2025-08-22","438672.84","107214.31","96153.76","100387.46","61675.05","72040.31","66719.45","59000.78","54559.15"
"2025-08-23","319403.17","111843.48","80224.17","86286.91","45523.58","69338.34","63555.62","55869.25","40625.06"
"2025-08-24","278751.1","131234.71","77326.94","79150.26","36979.15","57166.02","63889.26","43828.54","37663.46"
"2025-08-25","264674.18","105426.5","72328.95","58413.84","60381.44","69430.13","49667.91","38136.09","33053.2"
"2025-08-26","397650.36","110818.59","66740.99","70128.7","55607.16","59239.58","53604.25","48521.11","40685.88"
"2025-08-27","365486.03","180600.74","72458.15","87390.35","171848.74","73061.82","54781.32","73654.84","44778.51"
"2025-08-28","328178.66","153565.41","72028.62","79739.39","109296.34","66975.33","57407.64","61723.38","34634.37"
"2025-08-29","363973.84","150264.8","76845.32","91078.34","90183.84","74740.87","62193.18","63825.75","55976.83"
"2025-08-30","334104.43","118332.23","66480.98","93309.06","70200.66","74531.66","58993.22","56119.23","41544.7"
"2025-08-31","342481.43","158627.22","69149.23","93609.06","76321.5","75550.8","55300.89","54851.44","40704.76"
"2025-09-01","313699.77","128689.87","77120.59","74235.76","143498.51","85756.37","53097.58","54447.53","35282.54"
"2025-09-02","194068.51","127448.77","67368.88","60829.86","63070.61","54722.02","44063.57","48894.46","21074.3"
"2025-09-03","183495.82","89185.73","65832.75","61175.87","67885.61","56821.46","43417.93","50132.06","19326.91"
"2025-09-04","209430.92","102572.01","70953.6","53685.34","46066.95","58169.12","45658.18","53833.66","28027.03"
"2025-09-05","323238.43","138582.97","79787.52","61305.88","80004.6","63648.53","63787.91","63590.6","51460.58"
"2025-09-06","258087.12","105954.9","78377.73","63576.75","67274.57","64681.63","59785.23","49539.27","33008.73"
"2025-09-07","229508.53","127265.74","62392.07","62633.14","44942.47","48154.14","52122","44092.02","27754.86"
"2025-09-08","245090.97","87486.02","73363","40161.23","35927.43","40869.27","45383.07","31240.38","20289.05"
"2025-09-09","232646.06","83111.82","66154.87","48940.23","51165.19","46129.71","46126.73","35942.75","18450.46"
"2025-09-10","245180.3","88681.84","66037.93","46472.31","96745.24","55650.61","49150.76","28812.39","28475.5"
"2025-09-11","323472.79","139327.89","75071.67","54623.04","83527.65","57676.48","54365.66","56189.6","32523.07"
"2025-09-12","463351.99","178471.15","83945.52","114249.97","102678.62","75541.73","66398.42","63597.25","57664.28"
"2025-09-13","319739.27","120970.32","63940.52","97551.08","149212.81","77035.97","65717.02","51689.02","40286.32"
"2025-09-14","269786.42","124994.59","72194.06","85672.11","99653.99","57403.04","57400.33","48317.76","35082.76"
"2025-09-15","231443.96","89021.35","66697.73","57135.76","75903.16","60016.64","53109.49","46982.04","26978.75"
"2025-09-16","197179.66","86216.26","70133.3","60505.86","59324.31","54345.8","48396.49","32132.24","24057.43"
"2025-09-17","206164.47","86210.81","66615.22","60960.23","51801.88","64022.79","47110.59","36851.11","26167.11"
"2025-09-18","229541.1","98334.23","73337.2","65228.94","43363.45","63781.91","48081.91","37788.02","30320.31"
"2025-09-19","274775.38","88865.03","83944.1","73099.04","63309.47","70803.99","62242.51","36073.6","40059.78"
"2025-09-20","259238.2","75699.07","69732.55","66184.44","47985.86","70480.68","54766.17","38993.18","32560.46"
"2025-09-21","257991.16","116783.6","71400.47","63842.71","40060.26","56031.18","52629.82","36712.42","31289.71"
"2025-09-22","215173.12","90468.62","73276.54","52849.26","40427.63","50796.24","46052.23","40103.01","26937.66"
"2025-09-23","244695.23","93408.28","65632.16","58180.58","37844.59","50038.53","47302.56","32137.39","26890.42"
"2025-09-24","195321.62","83650.04","67957.94","55342.44","35272.43","43903.85","41454.6","39082.61","26406.38"
"2025-09-25","303491.9","93144.73","73735.11","60969.53","54266.07","63160.09","49938.98","35431.49","38270.42"
"2025-09-26","418008.42","102255.91","85457.18","96325.36","167900.68","69010.68","57520.48","81730.11","47425.16"
"2025-09-27","265433.16","87949.38","74012.86","82885.79","122178.69","59459.71","59424.02","66004.22","32939.35"
"2025-09-28","248825.15","172043.99","61783.49","71611.74","73918.77","51874.59","56564.85","44748.11","30260.24"
"2025-09-29","227098.42","124177.67","70366.24","60376.19","65271.21","50286.61","55437.72","45050.53","27117.49"
"2025-09-30","196185.15","122811.35","73152.01","69946.28","63293.1","61103.08","56503.1","49789.1","29161.44"
"2025-10-01","197566.81","128107.34","76377.33","78432.92","151602.77","83711.14","55933.82","61025.97","22183.85"
"2025-10-02","212620.73","100669.54","78583.59","52774.46","82033.37","79875.38","45268.23","40411.31","22805.4"
"2025-10-03","339230.55","143176.8","80749.08","70666.03","95157.57","78516.81","56191.88","61413.2","43838.68"
"2025-10-04","245122.75","100558.69","91939.82","60333.38","83346.61","74057.46","56668.05","55579.73","30183.58"
"2025-10-05","214043.39","137436.23","69419.86","52001.88","64990","56351.18","47989.49","39791.65","23970.17"
"2025-10-06","204826.21","82715.39","72515.93","42415.76","41240.37","68511.07","24361.84","30350.9","17712.26"
"2025-10-07","198679.62","75177.06","65674.3","44091.35","37550.46","66032.15","28336.06","29767.81","17955.25"
"2025-10-08","167067.54","82210.21","80780.96","43189.99","42931.74","56391.58","27577.93","30119.67","19093.01"
"2025-10-09","164603.94","95380.58","75525.36","40532.11","43358.46","57904.49","29707.27","22326.36","20378.3"
"2025-10-10","228491.81","67795.1","74700.12","48988.29","50281.77","57790.73","28145.43","38054.81","25661.37"
"2025-10-11","170840.48","45508.92","70657.13","49776.53","33597.51","51552.23","30146.74","30117.23","19464.83"
"2025-10-12","159032.96","62918.41","58864.33","39943.58","33679.91","44322.12","34590.05","24899.63","17176.94"
"2025-10-13","141826.57","46578.35","65667.33","36399.04","37898.69","39853.99","30996.71","23648.41","15209.02"
"2025-10-14","119007.06","39163.12","61226.66","39123.56","35821.35","39783.47","32341.5","19239.21","13940.48"
"2025-10-15","133987.83","47238.31","69540.2","47282.11","35363.14","33182.96","33200.16","21785.85","17490.33"
"2025-10-16","140457.93","51315.22","70477.96","35633.01","30862.15","35663.42","33559.77","19197.08","19080.01"
"2025-10-17","226478.89","73646.46","79483.19","56492.39","35323.12","35294.07","40958.94","39466.06","24847.35"
"2025-10-18","176342.83","56817.59","75641.54","55634.51","35840.23","43276.73","55509.5","29993.5","21340.09"
"2025-10-19","157419.4","56939.77","65545.84","47942.67","33479.36","32671.78","53701.36","21615.71","20426.14"
"2025-10-20","150351.75","41757.13","69220.91","34148.19","33183.31","37628.54","44062.14","19191.86","14345.95"
"2025-10-21","154261.62","41514.72","66282.82","38910.85","28252.71","35807.05","47508.24","22186.91","16204.38"
"2025-10-22","142578.14","44516.52","73400.47","39989.69","23865.88","31234.47","49367.51","20169.01","14016.14"
"2025-10-23","173641.44","52589.66","67746.67","39234.87","26273.25","31717.04","57488.83","15602.79","15754.72"
"2025-10-24","219093.7","57846.19","82148.25","50810.2","29504.81","35232.63","63898.53","32585.76","23148.9"
"2025-10-25","180396.42","36202.14","68356.58","48985.13","29148.92","30209.64","63346.76","25075.85","20398.78"
"2025-10-26","311991.49","65998.69","69428.8","50421.47","29517.54","34745.84","58517.31","25701.05","35906.64"
"2025-10-27","312859.23","104931.23","65090.23","51304.41","60531.8","44853.37","52041.9","76409.38","39446.54"
"2025-10-28","269125.78","105767.69","63236.65","48880.96","65477.38","42424.39","51803.86","60135.9","29674.9"
"2025-10-29","249676.95","67038.61","69732.82","59801.03","43095.9","37128.72","52382.81","46131.2","28777.29"
"2025-10-30","254805.36","81353.54","61153.19","69860.62","31604.17","35048.67","52349.28","30583.56","27025.5"
"2025-10-31","281975.97","75485.25","63844.35","78580.83","39485.84","50520.17","57454.6","52775.72","30023.54"
"2025-11-01","197118.84","58230.22","76432.99","67241.72","81049.96","55729.4","57032.91","42346.72","19141.68"
"2025-11-02","328018.6","62678.34","77547.4","50829.14","44126.85","50918.33","56375.79","35041.34","32555.92"
"2025-11-03","366026.94","95367.35","61980.68","53237.69","113736.18","72933.52","53164.76","84791.18","36078.55"
"2025-11-04","312238.14","89916.2","75322.43","56057.3","109146.96","62623.63","51348.29","72823.04","32758.32"
"2025-11-05","248252.19","69765.69","68925.78","53344.55","73523.37","67562.16","49827.69","53106.03","23647.74"
"2025-11-06","219779.37","64691.37","67656.25","47378.18","72026.86","57711.79","58697.56","49442.19","27572.54"
"2025-11-07","299982.51","74326.87","73789.2","54895.06","75292.07","56011.59","57428.42","50139.88","31390.81"
"2025-11-08","218310.48","47434.59","85865.52","62224.53","64682.36","46826.2","56429.97","33010.41","27128.33"
"2025-11-09","224491.77","61923.11","62676.93","54035.48","58338.45","43639.53","50949.56","28082.89","24667.73"
"2025-11-10","243713.98","84638.17","63501.78","51976.35","53986.66","60827.5","51218.31","27331.14","26614.08"
"2025-11-11","247862.61","110342.99","58447.48","53204.75","83746.73","55217.26","60100.79","42335.61","28837.85"
"2025-11-12","210273.85","101888.05","65970.62","53294.66","71276.2","52756.2","54247.32","38173.15","24117.37"
"2025-11-13","203832.29","95293.66","61688.78","50504.24","73748.84","60314.37","56060.43","39526.84","25600.54"
"2025-11-14","277068.41","121718.6","72542.71","63868.75","71959.6","66483.85","61498.82","44982.46","31113.37"
"2025-11-15","233459.57","65635.62","67173.52","59997.13","53879.68","63349.1","43293.44","35081.65","26414.52"
"2025-11-16","223306","66279.82","64870.01","54458.78","45180.92","47102.31","55005.35","30909.26","23521.33"
"2025-11-17","217529.56","68005.91","63116.98","43556.26","37330.78","48197.04","33187.76","32701.01","19515.84"
"2025-11-18","197342.15","55450.33","42119.34","45424.24","51764.77","42471.89","34193.6","32085.26","17072.38"
"2025-11-19","154127.37","48435.02","64835.29","46499.87","43406.52","43855.1","34779.55","25041.5","16886.05"
"2025-11-20","155434.95","55932.52","75980.06","39394.93","43634.34","43411.3","54196.35","31614.46","23468.97"
"2025-11-21","201237.43","69770.39","61767.61","52755.72","41828.84","51993.03","71284.73","39907.17","29632.21"
"2025-11-22","183001.15","54725.24","54331.42","54686.68","40968.68","48466.19","60947.78","36150.29","24803.1"
"2025-11-23","169231.29","71348.7","63544.32","49821.21","42273.34","40438.52","62923.35","31057.72","23781.76"
"2025-11-24","179814.29","56835.31","65201.36","40065.56","36383.96","35342.37","55862.34","32768.13","23468.48"
"2025-11-25","213665.29","80979.78","59806.25","43749.68","44575.37","39463.7","50848.56","38032.67","22991.16"
"2025-11-26","309172.94","108749.35","65806.25","61295.74","49865.18","44423.51","49270.27","43934.24","31520.86"
"2025-11-27","379973.4","164590.3","87742.99","88905.16","57458.64","50761.06","45843.88","61374.61","36493.25"
"2025-11-28","410664.05","122691.29","85696.71","97060.16","53171.95","54523.97","51210.91","54185.29","37601.49"
"2025-11-29","304052.24","101182.6","73130.08","100243.49","64047.39","51805.6","44187.01","60980.4","36161.5"
"2025-11-30","247153.34","127651","64458.11","81384.13","56042.76","53549.04","41652.39","42538.29","29194.64"
"2025-12-01","205782.82","95088.76","88846.39","60955.76","125298.93","65489.74","38352.43","50138.93","21930.19"
"2025-12-02","170592.01","91942.56","62486.51","51432.74","65105.52","49495.18","32209.93","40284.94","23723.91"
"2025-12-03","151196.44","91872.06","65995.18","52324.13","51748.01","44549.72","29980.56","41669.37","16435.13"
"2025-12-04","467190.27","107080.4","82948.49","58203.67","49529.75","69274.98","32752.69","33113.72","57654.98"
"2025-12-05","597219.08","146246.12","86499.52","98944.44","238452.8","151607.31","50974","91401.86","87225.76"
"2025-12-06","413492.22","103967.18","67571.75","80705.01","183505.17","113095.62","54438.03","62561.32","62163.54"
"2025-12-07","371324.05","150706.38","61562.05","74470.51","180101.34","77040.46","48192.47","48085.89","44805.82"
"2025-12-08","276843.63","96262.67","76398.73","63769.72","125185.3","79647.04","57244.59","52191.92","37718.96"
"2025-12-09","245945.18","90188.68","61435.85","59323.77","94037.82","79119.15","58423.23","49394.33","29964.59"
"2025-12-10","241260.11","95273.13","68790.38","72861.55","225563.55","119318.66","56753.17","46237.72","30660.71"
"2025-12-11","247601.01","93160.04","79771.31","55718.9","128032.33","97161.06","58030.7","37873.99","32370.53"
"2025-12-12","363132.49","92571.44","73508.61","73428.25","162026.79","105343.11","66312.81","44927.86","52876.64"
"2025-12-13","267945.61","81476.33","68794.46","73026.81","119949.84","84959.13","63746.93","31612.93","35085.3"
"2025-12-14","259968.12","121353.64","57602.73","70202.96","70652.4","71180.25","59802.16","32088.36","32764.88"
"2025-12-15","221214.38","99693.44","63960.43","60849.28","66398.47","69304.66","54192.64","35633.78","30857.15"
"2025-12-16","203958.25","90195.72","60584.65","57034.1","71080.57","61209.04","54045.69","30762.98","30120.89"
"2025-12-17","197096.31","100356.54","68750.57","57227.33","57510.82","72330.4","49755.43","27774","29539.29"
"2025-12-18","217141.82","103596.17","63951.07","52632.96","41139.99","60864.57","55874.81","30557.26","24558.89"
"2025-12-19","254199.83","87083.66","72446.94","69374.91","46941.52","63776.74","45482.27","30147.24","38434.18"
"2025-12-20","181940.75","56168.08","67348.06","63047.4","53342.96","57677.61","43033.43","24775.96","27729.86"
"2025-12-21","176253.43","64761.92","56070.97","58121.49","45122.15","42261.99","46512.29","28306.37","30975.54"
"2025-12-22","175954.33","45406.97","71158.91","48707.41","32781.65","41394.71","31994.72","29827.93","30243.9"
"2025-12-23","203563.01","51110.29","62854.14","53406.63","39312.71","41214.95","36342.05","22586.91","31700.83"
"2025-12-24","223405.13","55353.76","68755.86","56591.95","45587.21","72415.8","41227.81","28368.37","45006.6"
"2025-12-25","240902.2","75633.88","60728.81","57702.8","54093.09","57985.15","54903.95","38525.69","39115.81"
"2025-12-26","231788.16","66294.06","78462.47","57139.09","51354.44","59079.19","51618.46","56146.31","38418.35"
"2025-12-27","194876.28","53291.94","63788.27","55078.19","48157.36","46603.79","48775.43","33412.64","28575.62"
"2025-12-28","160512.55","88430.08","62389.57","46881.46","42020.53","38457.84","44503.17","32983.92","30276.51"
"2025-12-29","156801.47","79549.13","61451.96","55919.09","46689.68","42936.32","40613.99","37087.08","24276.28"
"2025-12-30","183533.02","70993.52","66231.99","60386.67","47723.31","43424.31","41882.2","26871.64","26553.24"
"2025-12-31","339602.15","77875.45","81143.11","68646.39","73451.85","85903.32","46334.09","35427.93","41160.23"
"2026-01-01","443653.5","95999.04","129160.29","71276.13","228814.27","92415.89","75560.81","79195.65","51173.54"
"2026-01-02","335275.62","80257.79","100234.16","78085.56","93276.83","71198.93","64202.66","57050.53","47674.63"
"2026-01-03","256668.62","72917.57","71411.4","60594.46","56031.01","61363.42","60543.05","36957.07","42518.11"
"2026-01-04","233365.54","89863.29","65719.09","61510.34","40432.09","46851.24","52653.61","32097.26","31662.94"
"2026-01-05","199111.26","99424","61449.27","52456.51","36265.2","51707.57","52091.26","33639.64","28297.84"
"2026-01-06","198287.28","81046.8","62007.14","49109.88","37072.34","46906.16","52073.89","31966.86","34768.36"
"2026-01-07","176571.84","69450.31","68496.65","46803.72","33216.23","54046.95","54286.44","27893.64","25700.81"
"2026-01-08","249990.72","98260.1","66749.72","46985.2","38454.27","45635.42","51237.57","32297.89","30455.49"
"2026-01-09","361834.44","128443.59","77282.76","75628.24","43509.6","79757.51","59854.52","56368.63","47722.9"
"2026-01-10","384287.47","102225.87","59911.71","69256.65","40288.55","65712.57","62664.14","42805.76","51408.28"
"2026-01-11","339801.37","159614.05","74019.51","74019.32","64841.85","56829.83","67016.07","46415.38","41631.09"
"2026-01-12","258226.98","93134.06","68388.67","59873.51","95133.38","52709.32","51189.6","49405.52","30912.19"
"2026-01-13","245230.07","85185.71","63338.37","59489.72","92141.17","47080.67","51865.68","40379.44","36891.47"
"2026-01-14","205792.2","85170.21","63919.81","62412.72","61634.01","65390.3","54090.85","34983.12","29447.04"
"2026-01-15","213584.07","100557.2","73275.2","62691.8","74163.25","85717.94","64587.2","36199.72","24147.99"
"2026-01-16","260406.49","78942.55","77048.14","61370.23","89462.02","73463.98","43922.28","37636.33","32051.66"
"2026-01-17","201387.49","74291.58","67827.29","59449.08","60355.52","78152.8","41862.78","25023.23","27123.75"
"2026-01-18","215142.34","111620.53","65431.42","55630.58","46000.47","58373.47","41757.23","31187.54","25809.54"
"2026-01-19","188462.41","48060.12","64030.82","45655.38","40455.55","55277.03","33958.65","17620.7","27314.67"
"2026-01-20","177827.38","49611.32","63760.69","47508.33","40739.66","57269.83","37925.02","23774.03","23859.89"
"2026-01-21","178571.91","56708.28","62235.78","45662.16","44252.08","62778.99","37645.97","37382.26","26238.43"
"2026-01-22","199669.67","58980.35","66207.98","42838.89","36230.92","57590.61","38073.64","31786.14","27378.4"
"2026-01-23","263500.97","61665.24","68536.18","57326.93","40541.24","63206.37","43471","35177.93","32690.52"
"2026-01-24","230882.66","53406.37","77789.87","63629.32","39169.03","63301.99","45843.15","40161.82","30465.3"
"2026-01-25","229319.13","72529.24","58464.11","48194.28","41778.47","48694.86","43866.65","31990.02","23641.2"
"2026-01-26","293702.76","55500.36","62545.1","48153.64","31433.64","45436.49","38492.21","29094.34","32111.33"
"2026-01-27","355956.42","176493.29","64358.72","60534.96","47029.25","52850.18","42770.28","63215.79","39664.06"
"2026-01-28","303676.65","125923.63","64704.03","64387.39","44055.19","63728.59","43296.31","49311.79","32270.12"
"2026-01-29","268121.74","129515.32","68115.46","62672.3","31635.98","61634.24","41237.64","45293.97","28162.32"
"2026-01-30","343190.37","98390.69","66131.8","80254.85","50067.81","63421.8","46607.8","51560.53","42069.6"
"2026-01-31","298624.24","75354.98","73825.7","82101.96","54712.5","85153.09","46074.09","40786.58","31080.72"
"2026-02-01","238783.32","134657.44","63526.41","65048.85","108342.64","71920.88","48306.88","52743.52","25632.02"
"2026-02-02","187104.32","99512.2","61371.84","56278.78","57316.02","62515.92","38639.75","36576.09","19123.35"
"2026-02-03","174404.96","89132.2","59789.07","46836.93","47699.25","44398.98","36168.54","32766.87","21574.15"
"2026-02-04","159908.5","92203.15","66834.21","48988.74","45618.54","47237.67","34700.56","26979.59","18838.07"
"2026-02-05","206177.85","108889.87","87473.97","45868.8","39855.03","55578.69","32795.78","40186.15","27804.22"
"2026-02-06","330147.19","112732.15","84057.81","60959.01","59463.3","62614.62","66011.8","49588.56","45568.03"
"2026-02-07","255915.6","105647.96","71553.31","61830.25","52678.94","58183.82","57507.78","44689.44","35688.59"
"2026-02-08","217583.49","131212.39","61238.83","57473.25","41109.35","47001.25","63172.65","34635.33","31894.08"
"2026-02-09","164820.81","66501.63","65259.3","43025.9","34294.12","42029.18","52571.92","19454.74","24197.16"
"2026-02-10","207335.74","53750.79","63605.89","50264.11","30193.94","53228.01","56775.74","29804.65","31444.14"
"2026-02-11","200078.41","57484.93","68012","56652.79","40444.7","67734.1","60082.63","33732.65","21061.15"
"2026-02-12","216997.03","65257.35","70541.19","51981.89","32232.74","69894.4","64657.58","30598.46","28538.52"
"2026-02-13","324694.07","80580.18","70501.08","64660.31","41942.19","64866.35","79905.19","38757.86","46168.6"
"2026-02-14","281950.94","68524.51","70675.11","65861","44377.27","76112.77","77370.26","33525.37","30801.75"
"2026-02-15","327483.61","83457.57","67499.09","58493.25","42263.84","63803.31","69149.39","35782.39","44658.72"
"2026-02-16","356395.09","73286.42","72083.4","63975.68","43713.36","79871.44","72059.88","51037.62","51755.11"
"2026-02-17","243950.77","76841.33","64470.73","59991.24","43276.14","84181.97","66521.23","37559.34","34853.34"
"2026-02-18","285378.08","103302.09","64361.99","75591.8","42074.13","97497.47","62343.79","39251.4","43177.89"
"2026-02-19","667587.47","136816.55","69772.48","85099.17","34812.52","121493.18","60216.87","53394.77","104510.37"
"2026-02-20","829496.33","146841.36","91415.35","141929.1","181493.63","131916.35","96543.44","94073.24","140684.26"
"2026-02-21","563888.12","106620.29","83968.48","99887.28","156220.25","111913.15","74316.25","63185.08","72224.46"
"2026-02-22","432127.07","158658.41","68164.61","82397.05","85428.77","89302.66","65251.3","61621.67","48123.3"
"2026-02-23","393404.35","99879.19","86315.12","66704.41","48984.13","87194.22","59437.44","52098.86","37687.45"
"2026-02-24","352326.81","106814.56","82811.54","62574.62","45930.76","73227.1","59739.32","55795.44","34285.29"
"2026-02-25","332083.61","107112","73470.43","69551.42","58340.75","87842.36","54327.04","55018.78","38415.48"
"2026-02-26","313100.06","155462.95","68910.52","68265.59","48471.19","82224.48","54582.52","66034.77","40309.94"
"2026-02-27","428882.85","187621.34","79144.52","85667.51","55436.56","77418.19","76316.35","86809.16","61854.4"
"2026-02-28","336692.22","128216.32","78528.35","87077.18","64691.03","102842.19","74537.76","98943.54","42248.78"
"2026-03-01","259279.62","147501","62170.68","67578.41","145466.84","70813.52","69118.25","67262.93","30702.17"
"2026-03-02","208725.64","133712.38","58866.12","55086.39","67249.97","55814.79","55293.73","50736.26","23754.84"
"2026-03-03","229931.15","110135.96","62268.33","48048","58102.71","44852.88","50823.43","46604.12","23375.21"
"2026-03-04","179219.21","86493.74","66672.14","46266.47","46924.14","48302.49","50386.28","48972.1","18068.88"
"2026-03-05","334495.83","104786.57","70718.74","64224.4","38325.95","50162.05","52123.01","61464.78","46224.7"
"2026-03-06","542646.67","159379.89","100737.1","98328.87","57036.45","65783.75","79699.89","97009.53","67440.17"
"2026-03-07","417388.56","125141.11","111539.46","77082.09","51820.36","66311.74","70823.84","70843.19","53384.82"
"2026-03-08","333420.56","154412.42","86569.74","64976.95","41182.99","54974.77","70580.42","62073.9","36288.71"
"2026-03-09","271954.72","119091.87","86180.59","58737.39","27645.32","58825.83","59038.02","65196.5","35431.44"
"2026-03-10","239948.04","110957.4","75659.27","60821.73","34237.52","58701.83","55675.08","48498.81","30569.62"
"2026-03-11","264304.05","109051.99","89455.17","71019.33","37424.49","76485.49","61247.67","48438.41","28357.62"
"2026-03-12","373230.36","114653.12","85512.82","77734.56","43327.26","65270.77","63608.69","57676.44","42080.93"
"2026-03-13","494400.6","99456.4","96161.64","84246.1","53575.81","65525.06","73602.72","68206.21","54918.4"
"2026-03-14","404900.7","90843.56","93634.19","79786.02","52414.24","67744.03","74995.21","52560.49","50625.22"
"2026-03-15","460131.52","142035.57","88610.22","84168.18","64042.49","58342.29","63913.97","71813.48","55846.8"
"2026-03-16","334864.39","101630.51","94260.42","67334.07","48957.44","54313.22","56353.81","58468.45","35570.69"
"2026-03-17","273890.65","101991.99","91999.94","61515.45","43170.12","49211","60124.98","51947.6","29686.44"
"2026-03-18","252557.45","123933.69","89795.24","66500.32","38462.66","53275.33","52695.64","54612.1","26332.94"
"2026-03-19","448261.16","124325.45","98603.54","72673.56","38056.77","64331.71","55664.25","52935.47","54012.32"
"2026-03-20","743573.02","133992.37","117519.56","83572.57","196517.49","83397.12","74613.21","83939.41","99495.77"
"2026-03-21","505376.61","98694.78","103853.65","78093.26","147832.73","74150.81","68085.8","76864.42","69822.1"
"2026-03-22","418216.97","135655.44","86893.63","73620.71","139266.06","61290.59","67973.93","57384.99","60127.53"
"2026-03-23","309599.02","85158.21","95566.65","56078.06","60230.54","52063.08","53523.85","51525.12","36158.02"
"2026-03-24","309801.86","108297.74","82723.7","59053.66","48379.26","48764.08","54631.43","46328.62","33820.12"
"2026-03-25","301248.21","130194.69","72586.53","64092.22","61849.63","68256.12","52871.37","47277.08","33012.86"
"2026-03-26","419407.85","155488.26","77717.29","72965.1","53275.94","59404.59","55040.99","54064.18","58511.37"
"2026-03-27","651944.75","146900.5","100567.27","85030.72","159690.5","76779.14","58300.01","76101.06","87120.76"
"2026-03-28","447759.38","129472.74","95290.31","80874.2","118965","70885.98","63593.19","75039.65","53196.22"
"2026-03-29","388707.12","177084.94","78154.37","83009.88","51857.79","50448.92","52328.37","57451.23","43408.29"
"2026-03-30","275928.82","179454.23","73680.8","68884.89","36013.57","50670.46","50642.94","48854.73","32919.5"
"2026-03-31","309454.37","97703.61","63636.96","110629.14","70780.73","70798.33","35375.46","37982.45","29619.01"
"2026-04-01","261980.65","136564.31","76845.18","82278.58","138289.04","77432.02","53482.82","57902.16","25870.98"
"2026-04-02","705114.17","155587.87","74831.6","84763.84","60296.56","67062.56","52442.99","59998.87","128172.28"
"2026-04-03","1030244.99","207071.05","113342.96","165069.92","184160.76","93064.54","90904.94","121157.72","175751.69"
"2026-04-04","711150.69","134124.98","106955.98","135077.7","148594.72","79094.12","66257.87","72080.63","117625.98"
"2026-04-05","556955.13","198100.62","87978.61","100262.59","132877.09","73510.87","62347.32","68354.86","68788.23"
"2026-04-06","420809.55","128030.89","93317.37","79131.55","61382.5","65771.45","59792.06","57023.49","56126.27"
"2026-04-07","401962.11","115638.5","91292.67","86969.06","55115.23","61124.74","63459.61","55092.66","49142.36"
"2026-04-08","339440.89","129180.59","80979.39","99652.12","56263.55","74630.58","67711.69","55907.91","39536.21"
"2026-04-09","340158.06","128975.32","67512.05","81329.15","43379.26","74817.73","65230.43","52010.02","46215.76"
"2026-04-10","440280.98","115758.93","95652.2","76425.01","55397.87","79088.05","78885.85","54080.97","53175.47"
"2026-04-11","392027.1","91797.94","80644.96","70871.2","57687.03","73624.83","72727.61","40504.63","51154.3"
"2026-04-12","372137.88","138898.33","71450.12","78865.79","53285.51","54518.85","65799.58","51929.18","43153.23"
"2026-04-13","278673.6","100260.42","75309.63","59152.35","57667","46601.15","54603.22","45335.79","32237.71"
"2026-04-14","261248.66","104810.63","69284.89","64114.46","42622.74","45546.75","56000.56","37557.31","36584.66"
"2026-04-15","258796.66","121303.49","72539","73965","45519.45","44056.07","53780.85","38355.63","32776.92"
"2026-04-16","299899.45","118599.99","77922.47","65732.41","45647.67","51007.31","58601.63","36247.29","38295.52"
"2026-04-17","388714.82","120537.3","88655.83","73006.99","42122.7","49509.1","54631.31","45916.79","52788.22"
"2026-04-18","336076.6","100091.23","80537.59","65531.66","42179.65","49780.72","62312.29","40537.42","43213.47"
"2026-04-19","301235.24","126897.62","66329.73","72389.87","35823.62","38712.06","55108.15","40309.93","34261.77"
"2026-04-20","260192.54","89019.73","75549.61","49572.07","28702.3","39575.45","48043.84","28543.25","30932.92"
"2026-04-21","279005.06","84961.65","67132.73","56216.54","27019.44","40925.68","52755.23","33743.55","30867.36"
"2026-04-22","228279.79","102508.48","73624.29","56457.99","34867.72","40214.41","49147.69","31610.07","29623.47"
"2026-04-23","316533.86","105086.95","86140.76","54874.94","34388.93","51113.82","56925.16","31156.39","36877.15"
"2026-04-24","402015.91","108801.19","81521.08","64730.25","85288.82","56571.34","61667.16","47112.69","50957.54"
"2026-04-25","314337.07","80557.35","72592.41","63788.53","82797.06","49006.11","70823.96","41583.97","39032.95"
"2026-04-26","293212.42","132060.93","86093.36","54800.75","63033.02","34313.13","65567.15","37091.66","42931.08"
"2026-04-27","248673.7","139839.58","61957.53","48042.4","43707.47","35517.73","55835.15","67481.65","29166.67"
"2026-04-28","242738.27","162388.42","68231.48","55536.35","44663.81","29853.57","54277.78","50710.9","26217.79"
"2026-04-29","203333.84","171952.97","68562.02","58899.76","43797.16","31716.6","47287.52","40534.13","24438.42"
"2026-04-30","220794.55","184706.27","76788.9","65443.58","48725.17","47976.84","60563.81","51891.67","29047.17"
