"날짜","파키스탄 DAU","이집트 DAU","터키 DAU","러시아 DAU","우즈베키스탄 DAU","인도네시아 DAU","사우디 아라비아 DAU","베트남 DAU","미국 DAU"
"2025-01-01","3306010","2857777","1772933","2718023","1445307","1208432","570310","582352","777943"
"2025-01-02","3501251","3012564","1489256","2558249","1339872","1279198","647544","641390","807439"
"2025-01-03","3389099","2942209","1759434","2657240","1246593","1128173","694748","625060","696406"
"2025-01-04","3345583","2663887","1909640","2540246","1336360","1063817","664264","541370","809709"
"2025-01-05","3320709","2532627","1778869","2486563","1275906","925814","592511","549871","776798"
"2025-01-06","3132938","2676142","1515830","2493394","1252132","993512","599333","614569","683615"
"2025-01-07","3083272","2827501","1553713","2445369","1249406","1010735","547864","714661","854787"
"2025-01-08","3058099","2525188","1518450","2478122","1249398","1129620","649067","731840","665364"
"2025-01-09","3037179","2767242","1788515","2594375","1305420","1038900","707335","645414","540787"
"2025-01-10","3260847","2644105","1925550","2749533","1304078","1211930","647398","643867","655074"
"2025-01-11","3500659","2596699","2155660","2743082","1321242","1167045","580375","701835","638390"
"2025-01-12","3466533","2450954","2231548","2565581","1343083","1100145","594307","718439","951957"
"2025-01-13","2978647","2562105","2085282","2479903","1235090","938787","533434","523430","693821"
"2025-01-14","2898617","2439726","2187044","2476880","1200955","1192164","553645","489157","650713"
"2025-01-15","2979816","2806283","2300337","2481497","1199366","1121423","751694","557477","681926"
"2025-01-16","3056741","3402075","2326390","2589216","1127758","1028889","782705","540726","595590"
"2025-01-17","3218971","3350966","2419981","2662288","1157143","1166344","862460","637257","531701"
"2025-01-18","3274350","3278888","2472720","2761044","1321722","1119081","717949","723715","660014"
"2025-01-19","3347576","3227837","2558080","2578856","1244768","1148329","648036","836797","649468"
"2025-01-20","3005047","3291173","2648155","2621737","1175886","1133639","543671","608357","482896"
"2025-01-21","2956625","3288056","2620285","2630762","1225487","1126917","592913","490610","537108"
"2025-01-22","2985671","3270221","2538634","2494012","1220406","1086377","634602","786676","561965"
"2025-01-23","2978495","3529810","2616348","2531820","1162157","1114406","745684","652473","660878"
"2025-01-24","3144422","3918067","2611559","2660841","1224194","1291690","684023","630620","583347"
"2025-01-25","3308303","3671361","2756486","2614741","1291887","1227704","596415","730962","543996"
"2025-01-26","3268569","3747283","2697049","2452471","1259317","1367460","661527","638752","691835"
"2025-01-27","2898080","3793698","2745809","2280168","1091334","1254347","659118","627415","449283"
"2025-01-28","2899477","3535472","2688762","2389817","1152125","1209657","632039","607496","732063"
"2025-01-29","3010035","3584579","2745667","2490468","1122528","1128446","756928","757467","565308"
"2025-01-30","3168270","3594115","2796678","2422326","1079582","1219880","679734","799448","645868"
"2025-01-31","3223430","3784239","2714317","2636141","1047478","1100565","682525","604196","421707"
"2025-02-01","3320073","3532501","2807389","2611905","1168395","1218431","534947","680732","558523"
"2025-02-02","3258360","3324143","2612697","2713385","1141868","1151302","650419","723561","739176"
"2025-02-03","3127303","3166410","2436715","2641587","1085224","1144504","588919","687582","501518"
"2025-02-04","3297746","3233200","2436115","2564012","1135540","1098785","597916","674181","677448"
"2025-02-05","3447039","3291200","2347661","2492230","1103535","1189723","630675","668976","407789"
"2025-02-06","3048686","3148775","2475668","2616559","1077092","1179221","639903","747307","490607"
"2025-02-07","3275580","3076618","2641329","2843554","1073924","1352808","588427","736669","546725"
"2025-02-08","3288710","2789065","2943643","2845786","1134990","1247296","647138","608781","645989"
"2025-02-09","3411133","2666378","2920071","2697704","1140923","1316435","552155","575422","644198"
"2025-02-10","3086067","2620105","2544517","2622901","1026911","1240449","497580","510343","577129"
"2025-02-11","3051021","2674456","2579712","2598636","1165237","1225398","537456","498322","444027"
"2025-02-12","2933381","2601645","2590352","2708844","1141610","1082604","609400","569333","485717"
"2025-02-13","3074777","2903559","2640710","2516192","1082938","1134948","605135","578133","649610"
"2025-02-14","3305787","3174800","2712345","2666432","1115780","1272369","685121","372243","582368"
"2025-02-15","3316461","2825008","3081710","2779068","1261472","1155995","601714","584511","640694"
"2025-02-16","3203997","2695184","2886378","2670738","1341757","1272196","559530","423885","597698"
"2025-02-17","3014824","2690981","2577054","2657549","1170241","1111404","609595","467390","605418"
"2025-02-18","3078324","2693422","2606923","2560363","1124726","1234920","629101","483083","700571"
"2025-02-19","2795425","2624447","2713092","2607471","1181149","1163825","661337","544672","556735"
"2025-02-20","2862884","2882472","2672482","2747164","1174068","1295221","703680","592523","552622"
"2025-02-21","3020417","3011925","2774150","2947446","1180214","1263339","759889","569662","788199"
"2025-02-22","3024389","2674180","3084903","2747849","1238452","1341139","692377","555210","629448"
"2025-02-23","3102862","2488042","3120760","2631244","1243053","1290187","679189","471717","635007"
"2025-02-24","2883805","2376480","2572179","2443756","1142835","1252691","609153","429066","476592"
"2025-02-25","2851294","2437970","2659214","2481150","1194166","1285077","618219","470100","585370"
"2025-02-26","2906048","2336260","2588017","2429102","1074346","1196420","613981","363049","546904"
"2025-02-27","2932387","2745125","2682607","2346245","1016830","1370499","690854","524241","609601"
"2025-02-28","2994463","2866126","3084976","2446145","1072342","1433499","702438","575756","496958"
"2025-03-01","3150891","3309131","3552414","2437720","1229681","1649370","629085","468210","561711"
"2025-03-02","3432269","3191865","3285552","2486645","1142514","1495898","819643","535514","554106"
"2025-03-03","3452687","3040663","2879484","2363802","1105835","1369188","601420","495975","409260"
"2025-03-04","3015077","3069308","2900477","2374245","1039417","1398616","686356","513533","505256"
"2025-03-05","3118448","3006639","2866651","2345359","1054636","1450547","728954","451524","564898"
"2025-03-06","3497088","3273715","2933981","2212290","1044614","1331683","675814","605032","553279"
"2025-03-07","3580630","3646292","3170722","2606766","1214916","1433510","781483","499461","579878"
"2025-03-08","3770422","3386684","3429036","2849042","1397260","1602993","661411","763301","587240"
"2025-03-09","3625228","3151544","3181242","2464722","1240093","1489313","679774","525670","685409"
"2025-03-10","3574918","3192280","2764368","2441628","1121190","1631091","697335","592301","568986"
"2025-03-11","3453518","3253749","2842574","2387869","1176399","1430918","673858","493937","493904"
"2025-03-12","3426907","3261044","2966378","2446160","1136125","1495578","603840","475551","603008"
"2025-03-13","3537439","3551869","2938214","2397570","1151372","1568556","704176","600833","702766"
"2025-03-14","3497138","3853499","2919729","2524021","1153277","1378148","604684","686710","641922"
"2025-03-15","3562393","3469157","3229768","2644510","1174931","1564812","596282","705316","573535"
"2025-03-16","3483892","3255171","2990198","2482225","1216890","1421631","541888","715863","611927"
"2025-03-17","3381351","3392353","2540064","2449721","1070890","1465330","689806","645283","584332"
"2025-03-18","3481112","3236170","2501184","2423994","1110945","1476259","579853","626996","498962"
"2025-03-19","3333697","3031030","2563484","2381740","1127833","1265203","559530","565315","698733"
"2025-03-20","3375276","3205910","2545121","2440442","1162521","1410890","661545","636533","515763"
"2025-03-21","3512627","3404346","2812450","2531051","1263461","1335992","645252","550763","519312"
"2025-03-22","3568887","3079490","3078687","2592901","1196331","1293962","720880","616821","513573"
"2025-03-23","3670540","3034454","2762007","2481396","1167063","1546024","661721","483157","479194"
"2025-03-24","3826153","2904027","2505712","2446018","1238948","1302125","707624","537185","493554"
"2025-03-25","3441268","2924421","2483723","2466463","1088236","1423964","702209","429274","487562"
"2025-03-26","3505150","3064564","2467598","2365185","1160797","1327690","662361","431935","505109"
"2025-03-27","3521267","3226402","2608751","2477297","1100942","1440018","721411","603578","525528"
"2025-03-28","3825788","3362762","2882924","2404460","1086066","1521126","751435","589762","545624"
"2025-03-29","3916147","3496751","3009249","2319539","1191623","1397102","664232","615307","592814"
"2025-03-30","3669820","3819970","3245449","2413171","1296463","1427023","654601","550561","560528"
"2025-03-31","3566512","3506457","3115662","2300153","1083776","1394552","684377","510942","543510"
"2025-04-01","3930458","3366021","3161389","2294836","1044525","1479084","699546","593617","531693"
"2025-04-02","3505729","3287259","2926371","2313224","1017889","1177459","621394","561415","540399"
"2025-04-03","3533505","3050043","2858755","2208429","1000362","1272578","685621","515964","526134"
"2025-04-04","3414618","2935166","3016643","2277897","991837","1280551","623925","600972","511196"
"2025-04-05","3547527","2797343","2951862","2325754","1017011","1296324","548881","708301","516551"
"2025-04-06","3331813","2754645","2806498","2182892","1031065","1323802","646035","589801","533329"
"2025-04-07","3161615","2615361","2437748","2205885","974334","1405798","574273","781404","485304"
"2025-04-08","3091103","2570059","2288456","2291547","958367","1215905","587469","562362","475952"
"2025-04-09","3052253","2677189","2467509","2330211","898036","1260963","592452","498490","462550"
"2025-04-10","3135970","2658805","2385290","2422920","976060","1271727","574929","729530","483380"
"2025-04-11","3236641","2924903","2627841","2489946","1012932","1262018","622987","750017","488267"
"2025-04-12","3104295","2614885","2819072","2406039","1126762","1431907","549188","572579","501964"
"2025-04-13","3216703","2536523","2788592","2308946","999146","1230112","495565","699405","545339"
"2025-04-14","3053780","2457516","2335246","2299310","941855","1231262","565848","493911","506137"
"2025-04-15","2969525","2459348","2298695","2376916","965147","1215105","595583","570785","475123"
"2025-04-16","2962696","2516312","2245773","2329718","886646","1276712","530376","596289","432164"
"2025-04-17","3013950","2662127","2221884","2287148","917384","1267499","518522","591522","409312"
"2025-04-18","3353162","2852474","2490331","2222055","941765","1264537","492660","628600","467663"
"2025-04-19","3203953","2527844","2675895","2149111","1067086","1350628","599507","723765","646194"
"2025-04-20","3346359","2468778","2651334","2270187","984665","1344191","542395","808278","480080"
"2025-04-21","2924405","2618602","2317621","2212557","876988","1316321","537334","641992","385385"
"2025-04-22","2974327","2361336","2337074","2225363","876436","1239562","505305","667490","544052"
"2025-04-23","3036416","2479430","2453812","2080319","947784","1157226","576882","687160","415849"
"2025-04-24","3059573","2688206","2347111","2020670","877672","1094050","459758","597759","391122"
"2025-04-25","3198373","2563545","2441982","2113046","940547","1135041","552789","602266","483481"
"2025-04-26","3210758","2209448","2517593","2142805","1054734","1227025","465706","607139","572026"
"2025-04-27","3177629","2057812","2409762","2071513","1021926","1103891","442144","667751","476933"
"2025-04-28","2856532","2313366","2111205","2031059","947411","958528","476939","604609","463197"
"2025-04-29","2973857","2448815","2013670","2026665","907091","1017054","525566","802414","421748"
"2025-04-30","2965247","2780250","2248809","2150311","834522","1067189","620676","847351","406990"
"2025-05-01","2780327","2643302","2407065","1960406","874086","1078645","451098","772418","417129"
"2025-05-02","2959002","2626369","2196249","2183691","868726","1082537","485799","670937","425648"
"2025-05-03","3121427","2379996","2416398","2085752","901959","1122232","449434","765741","444405"
"2025-05-04","3030451","2184871","2261093","1979458","902152","1054318","530263","685248","457957"
"2025-05-05","2675180","2130177","1916174","1979290","832310","829748","541695","484341","473665"
"2025-05-06","2685327","2289329","1965457","1884306","846781","912761","518732","439006","480618"
"2025-05-07","2844802","2295077","1830265","1999155","910747","963723","422711","499467","454741"
"2025-05-08","2842503","2444362","2098985","2019318","940009","977143","502594","539651","477736"
"2025-05-09","3268667","2426334","2148047","2170999","959989","990266","506812","584616","495838"
"2025-05-10","3147572","2419369","2334735","2086792","1030017","1025450","546824","609547","540559"
"2025-05-11","3253463","2391853","2349306","2033698","988571","1139059","522655","757050","622012"
"2025-05-12","2900012","2280073","1863546","2064238","875943","1185696","489454","577321","724500"
"2025-05-13","2882135","2344753","1911644","2116960","949684","965748","516845","689522","754486"
"2025-05-14","3181792","2310034","1801933","1903410","857072","976205","482539","599252","727689"
"2025-05-15","2869021","2419051","1763728","1990000","851701","1039500","687748","804187","751981"
"2025-05-16","3348563","2264311","1988700","1997757","802881","943553","527742","743316","770688"
"2025-05-17","3217795","2237430","2227407","2062491","864388","1010874","515889","872806","749530"
"2025-05-18","3176781","2272296","2151487","1983283","830262","1053160","530980","866966","697168"
"2025-05-19","2872042","2249183","2030390","1943442","800615","885491","542179","718869","710763"
"2025-05-20","3004692","2169484","1694249","1930362","878088","978742","590001","659420","669806"
"2025-05-21","3234977","2147457","1658982","1941813","852771","740686","447505","866431","638679"
"2025-05-22","2922250","2453040","1658217","1917414","868820","930837","539452","657344","612553"
"2025-05-23","3110722","2320902","1793370","1936748","859785","815201","475089","665320","556424"
"2025-05-24","3124307","2226004","1930573","1770803","991302","971321","535905","718964","551124"
"2025-05-25","3177679","2362374","1728636","1667708","901823","1005700","478356","884090","552790"
"2025-05-26","2974945","2239640","1523321","1816974","834492","864166","526377","801981","509245"
"2025-05-27","3250412","2532092","1401944","1810682","928705","930545","563951","672815","578023"
"2025-05-28","3132180","2667999","1435942","1798729","962588","942476","522487","665461","577018"
"2025-05-29","3010217","2793920","1513149","1806118","937966","853714","520592","714813","636432"
"2025-05-30","3101667","2709044","1708168","1833401","857029","923869","590635","675540","648092"
"2025-05-31","3061281","2787295","1821770","1718428","1004932","945161","531470","656138","638526"
"2025-06-01","3208508","2717656","1829583","1717984","938176","897656","493909","624477","556730"
"2025-06-02","2975055","2583039","1718522","1773807","863105","756062","422659","641608","572786"
"2025-06-03","3007886","2627149","1723290","1835226","874843","775273","493094","823506","518620"
"2025-06-04","3026161","2984905","1821914","1896260","837749","813912","567606","709806","536188"
"2025-06-05","3286167","3191362","1901101","1853375","929713","978968","532535","813848","564058"
"2025-06-06","3192118","3226428","1953635","1857744","1089416","922105","567199","747864","565898"
"2025-06-07","3373129","3166758","1987639","1775707","1006387","866806","722242","787567","572774"
"2025-06-08","3560959","3017544","1925919","1818042","960921","834529","619980","858907","575801"
"2025-06-09","3457940","3064449","1870350","1726560","836507","860057","614159","767964","602323"
"2025-06-10","3333935","2962978","1774596","1787615","944653","955782","571836","780179","546282"
"2025-06-11","3144248","3015767","1797323","1734739","902131","962440","574394","727983","575431"
"2025-06-12","3238666","2981939","1733947","1776467","854843","821477","600435","830935","520844"
"2025-06-13","3299645","3061609","1745940","1793903","896837","973395","701589","688617","536747"
"2025-06-14","3201006","2897923","1700431","1719396","820863","870514","532061","797433","578871"
"2025-06-15","3247196","2834160","1754145","1710440","842790","884494","531210","711624","603464"
"2025-06-16","2981119","2984653","1759766","1713381","789772","970532","611529","839232","639755"
"2025-06-17","3119410","2873087","1687213","1670185","773214","1032673","527824","943520","561231"
"2025-06-18","3325800","2936955","1697412","1723355","851018","954133","613670","726930","553006"
"2025-06-19","3218884","2822066","1687397","1690288","764098","928035","564099","961753","494468"
"2025-06-20","3430106","2985961","1741382","1789209","760025","818657","586547","748020","446924"
"2025-06-21","3350899","2820711","1729792","1658827","725713","947509","513639","967537","413599"
"2025-06-22","3259078","2842205","1755319","1756108","774406","882873","544496","856353","447852"
"2025-06-23","3077547","2892316","1755130","1735993","725778","817073","540007","718645","472121"
"2025-06-24","3103335","2843513","1740167","1896420","751365","681270","565584","844464","474254"
"2025-06-25","2894203","3003113","1717514","1906919","792440","874427","558367","735247","485873"
"2025-06-26","3307510","3054800","1682360","2084856","784010","838770","585852","667294","492356"
"2025-06-27","3237188","3069066","1724352","2203714","814274","880207","618870","954774","505535"
"2025-06-28","3315954","2985920","1824700","2058616","806564","897875","545662","829834","524495"
"2025-06-29","3241321","2970930","1880357","2274160","823174","953121","632969","958270","562850"
"2025-06-30","3039023","2856912","1649162","2251046","769341","850714","494473","810483","564538"
"2025-07-01","3182419","2935233","1717102","2300448","778577","757865","552711","798540","537048"
"2025-07-02","3013830","3023582","1675080","2307763","751056","842666","524705","957314","510415"
"2025-07-03","3007006","3134662","1738621","2248118","744164","839407","600544","893258","519928"
"2025-07-04","3238187","3219847","1805287","2293877","862340","881293","680096","1020985","565873"
"2025-07-05","3584779","3152582","1744518","2371106","906692","797478","534428","832274","522821"
"2025-07-06","3585173","3035263","1789379","2216793","877486","730204","497985","662220","498993"
"2025-07-07","3345921","2769497","1839441","2208890","888173","772480","544897","716002","446934"
"2025-07-08","3646594","3034542","1905017","2517671","1007308","774813","601953","681079","458872"
"2025-07-09","3680812","2958951","1961733","2822549","1001339","727715","580971","664863","504376"
"2025-07-10","3668413","3293336","2002172","2738820","1076478","761723","559688","723790","519790"
"2025-07-11","3713522","3537660","1909749","2787382","1056339","714835","654676","774783","521733"
"2025-07-12","3921366","3504489","1990961","2700014","1099328","799123","510806","688750","550722"
"2025-07-13","3593019","3590515","1993825","2691081","1113022","903097","571871","886155","524137"
"2025-07-14","3520979","3287707","1850436","2640064","1012709","876511","548223","724769","509727"
"2025-07-15","3649440","3278284","1840213","2673176","995665","855862","621175","747397","482299"
"2025-07-16","3498541","3338842","1845883","2634810","977676","858095","623810","747559","503751"
"2025-07-17","3349716","3297801","1886761","2640473","1040630","901154","653584","642675","485110"
"2025-07-18","3342915","3498271","1839920","2595081","1017670","854341","691557","666027","509741"
"2025-07-19","3456829","3526605","1816152","2514454","1051903","920325","680889","810832","474630"
"2025-07-20","3380753","3295161","1862923","2557004","989545","858509","722290","747102","478765"
"2025-07-21","3145498","3308780","1873469","2494913","962109","829470","722084","649854","468482"
"2025-07-22","3315089","3192188","1808045","2506844","957469","794439","663978","672940","472736"
"2025-07-23","3147045","3184797","1843437","2450955","920973","820952","637326","658719","461483"
"2025-07-24","3284218","3367842","1801126","2406387","976448","794795","715561","750170","465829"
"2025-07-25","3379254","3389003","1844441","2509648","939592","764529","701661","703264","493253"
"2025-07-26","3520390","3313294","1840390","2378360","1019897","863984","720125","791366","485607"
"2025-07-27","3378468","3184743","1885908","2408972","934618","824372","772592","831740","480814"
"2025-07-28","3292809","3217267","1848821","2372187","929024","764954","544669","717106","484940"
"2025-07-29","3204502","3308442","1856051","2396879","904507","762271","750379","635391","504803"
"2025-07-30","3190271","3251511","1709417","2391968","942106","829015","696589","568963","486296"
"2025-07-31","3485007","3221275","1749843","2231325","918378","878751","694633","515884","500525"
"2025-08-01","3152275","3388461","1802161","2309843","914756","722768","832392","576178","502242"
"2025-08-02","3292541","3110211","1831071","2305214","1017639","788904","761527","649526","476315"
"2025-08-03","3458563","3292976","1764993","2263542","1043228","794860","702708","555375","457077"
"2025-08-04","3102861","3197466","1623177","2320263","974215","843437","688509","574084","451709"
"2025-08-05","3165078","3154280","1716865","2319886","1165037","801283","669558","551758","444901"
"2025-08-06","3092746","3123733","1808825","2241741","997793","809957","614697","600640","432976"
"2025-08-07","3107108","3205268","1762329","2248808","1010676","823477","743432","543732","454687"
"2025-08-08","3459733","3352200","1763438","2307802","1070938","842138","656147","627731","461255"
"2025-08-09","3705024","3042903","1771030","2293925","1146409","824553","585452","698311","471174"
"2025-08-10","3526489","3140374","1829161","2224848","1032956","833979","565655","670304","485239"
"2025-08-11","3051902","3002462","1830236","2192049","1004611","904455","604574","644103","529480"
"2025-08-12","3250753","3051648","1766081","2154847","946479","808030","539302","652467","540979"
"2025-08-13","3287432","3085635","1670867","2110403","1046239","845209","549529","595996","579602"
"2025-08-14","3599112","3125798","1728775","2013663","1080468","768659","698173","635502","619489"
"2025-08-15","3325030","3169216","1761278","2089666","936385","809008","606329","643663","618757"
"2025-08-16","3419766","3122495","1714970","1993070","987582","931193","557940","643744","637161"
"2025-08-17","3527014","2969776","1737611","2125906","996115","921517","597078","542770","662089"
"2025-08-18","3036046","2838724","1772418","2048251","929877","913039","587166","568951","622793"
"2025-08-19","2970878","2814502","1754647","2037330","988809","752087","570001","493445","537366"
"2025-08-20","3152584","2959124","1647132","2026243","990986","793355","543485","496023","557403"
"2025-08-21","3114437","2929272","1756527","1970059","1056862","790236","535236","572872","545694"
"2025-08-22","3249549","3059786","1790259","2040167","1033015","776110","688765","525682","665441"
"2025-08-23","3309311","2870093","1795628","1990389","1045792","687741","567791","656978","614167"
"2025-08-24","3556762","2936614","1749595","1951074","1004357","718255","711231","555641","582717"
"2025-08-25","3407138","2773213","1794482","2029493","1017583","792990","651634","648118","556113"
"2025-08-26","3401257","2776635","1699574","1886151","904963","671007","612492","526049","665976"
"2025-08-27","3259312","2692800","1719236","1895644","1022701","653086","767515","543430","730849"
"2025-08-28","3060697","2652602","1688244","1772000","1033954","787508","615593","648685","723190"
"2025-08-29","3385504","2818126","1619714","1799941","1035645","824749","622191","640364","596285"
"2025-08-30","3553046","2572756","1700074","1820513","965815","825837","609789","754253","542185"
"2025-08-31","3783151","2642075","1805572","1785129","962973","763705","568451","688474","519615"
"2025-09-01","3422198","2684827","1666850","1978052","922793","677029","556810","717614","470712"
"2025-09-02","3208176","2711986","1712351","1636699","914429","739033","620207","609359","453681"
"2025-09-03","3192613","2742535","1737140","1685227","828799","830780","521262","549292","441385"
"2025-09-04","3340356","3005370","1800929","1832390","946128","705560","699936","523838","413116"
"2025-09-05","3549460","3031625","1716754","2060502","911320","876557","733520","658590","424938"
"2025-09-06","3711908","2801026","1901320","1960567","944890","899114","599728","581977","408404"
"2025-09-07","3541800","2817736","1674503","1944145","929902","819048","517071","604939","457524"
"2025-09-08","3354188","2633223","1495643","1927842","907605","784337","535616","506698","459788"
"2025-09-09","3053591","2702507","1231989","1887801","1041255","840605","569837","611173","495420"
"2025-09-10","3202170","2621715","1221720","1900803","1057314","755467","652917","512142","511813"
"2025-09-11","3099686","2780523","1316899","1818010","987377","714782","520904","542773","588109"
"2025-09-12","3294706","2878164","1422269","1959444","1046475","751369","632117","619108","585165"
"2025-09-13","3417555","2532261","1530647","1860272","1080685","786678","602212","517802","563439"
"2025-09-14","3304873","2547748","1514247","1706302","1056621","676709","498815","570381","530261"
"2025-09-15","2968391","2559363","1276823","1673923","960258","578770","550306","455825","483251"
"2025-09-16","3023147","2570320","1219734","1640116","1051779","671854","548073","491677","408753"
"2025-09-17","2882518","2546835","1205611","1652225","834354","659271","448110","573247","342242"
"2025-09-18","2886809","2627293","1172790","1611208","926960","718331","561905","600080","360349"
"2025-09-19","2832714","2771138","1296363","1880258","867774","677195","574453","693376","351383"
"2025-09-20","2900583","2362098","1486274","1865599","898536","742570","516554","575719","367838"
"2025-09-21","2879726","2275230","1476207","1773687","970093","666197","533534","603698","393694"
"2025-09-22","2844520","2111591","1194454","1708211","970211","745324","510871","525751","392377"
"2025-09-23","2851882","2020950","1217111","1699492","935208","591915","516726","499902","411064"
"2025-09-24","2721116","2147058","1238012","1721973","912033","611363","485127","467648","447510"
"2025-09-25","2641700","2297452","1232045","1781866","901250","680327","521060","477088","471624"
"2025-09-26","2968077","2285738","1342979","1791989","841134","650199","550384","607733","424558"
"2025-09-27","3097206","2120931","1512482","1867788","912102","789468","500306","711989","387638"
"2025-09-28","3129868","2166051","1505184","1903668","951223","581684","501353","542868","335133"
"2025-09-29","2662178","2048773","1188473","1895836","845117","577461","453383","501307","342863"
"2025-09-30","2601164","2033619","1197516","1862879","914906","619496","541139","516338","321751"
"2025-10-01","2508707","1918806","1197655","1746455","906588","625314","477753","485798","332913"
"2025-10-02","2522518","2131654","1161997","1742086","832146","607164","548117","564701","356343"
"2025-10-03","2765275","2469476","1278215","1861040","777281","778169","637384","587370","339223"
"2025-10-04","2780174","2098105","1384390","1916036","897395","850311","461476","491806","370020"
"2025-10-05","2831579","2006369","1256900","1829104","932751","653208","389490","627555","387867"
"2025-10-06","2631394","1890947","1038727","1740500","838822","587901","427656","468177","344985"
"2025-10-07","2631527","1906952","1041722","1696781","836518","585641","489655","431103","357108"
"2025-10-08","2598223","2067357","1114095","1694553","816654","603320","432035","586732","359834"
"2025-10-09","2644998","2332176","1054725","1716541","837804","699386","460943","327137","349126"
"2025-10-10","2773595","2416079","1196251","1857765","832749","612237","541381","517905","350659"
"2025-10-11","2954686","2066021","1506582","1793948","1006697","673119","532721","404471","346533"
"2025-10-12","2799719","1861676","1388889","1795380","887593","579603","456819","460163","336437"
"2025-10-13","2543009","1870499","1069626","1654340","863102","601431","417558","350704","372922"
"2025-10-14","2530108","1830879","984086","1650638","809272","585045","358036","447388","395350"
"2025-10-15","2742347","1863972","944129","1695875","836599","737641","505746","610829","395311"
"2025-10-16","2615794","2150185","955297","1665062","870368","683325","538431","600225","375041"
"2025-10-17","2523210","2297424","1110856","1886093","780106","682386","501772","585002","350204"
"2025-10-18","2911227","1991980","1293586","2007802","919497","690808","452846","549395","378204"
"2025-10-19","2785142","1826158","1271653","1860822","879725","663870","492019","412804","390758"
"2025-10-20","2253548","1728032","1124193","1814530","776848","712464","524021","385225","422682"
"2025-10-21","2287651","1728789","1092711","1734079","703947","667966","434717","507636","422688"
"2025-10-22","2285302","1822252","1093928","1740099","764408","711558","448508","409923","398218"
"2025-10-23","2433735","2003207","1058095","1786914","701442","569474","525268","355207","397458"
"2025-10-24","2587301","2086545","1165932","1965807","790836","685265","538748","547657","358432"
"2025-10-25","2680742","1763168","1408126","1968733","839619","640904","476747","341241","370133"
"2025-10-26","2635003","1677440","1219118","2006081","722162","579552","385654","476798","418057"
"2025-10-27","2291682","1595859","1119857","1863850","762633","576458","482270","453019","401616"
"2025-10-28","2148922","1702216","1432354","1905328","723392","598854","424113","493317","367427"
"2025-10-29","2267609","1788328","1263087","1806959","772132","546418","435556","448473","318878"
"2025-10-30","2397498","2032249","1047087","1840531","790682","633173","466329","430474","327340"
"2025-10-31","2530258","2184814","1201667","1913954","770668","579174","490695","462199","332208"
"2025-11-01","2709811","2085114","1478962","1916920","881920","538326","481146","484678","378561"
"2025-11-02","2649285","1919925","1297313","1900877","813770","599065","296052","494782","382612"
"2025-11-03","2421668","1966020","1068902","1887686","820330","586421","372204","467175","395853"
"2025-11-04","2386603","1784772","1204209","1739859","853319","611679","359511","472422","395388"
"2025-11-05","2275434","1820830","1157102","1844960","872033","636882","304896","439327","383744"
"2025-11-06","2569602","2089909","1163211","1913554","861456","628056","360165","418820","412116"
"2025-11-07","2459001","2198600","1359173","2050529","1005741","685648","455359","464860","391591"
"2025-11-08","2891669","1907936","1643490","2069421","1071538","574042","383482","476125","413154"
"2025-11-09","2767980","1847748","1773016","2019867","927192","574924","368675","470475","430082"
"2025-11-10","2404577","2061849","1630800","1984123","921417","617345","342636","435621","412563"
"2025-11-11","2455608","2034653","1638320","1873151","868739","702499","367539","490847","443879"
"2025-11-12","2386959","1920113","1619832","1856164","855845","652538","381232","524839","427109"
"2025-11-13","2497153","2168805","1706741","1776406","906773","591378","372839","468005","422361"
"2025-11-14","2311258","2149022","1716470","1915447","906800","652894","402848","453789","415097"
"2025-11-15","2478784","2008559","1702673","2030183","974486","575480","394160","390669","403035"
"2025-11-16","2524121","1818032","1551942","1940422","836630","620238","376343","386446","392161"
"2025-11-17","2162678","1886141","1338552","1834937","894466","558037","412469","338250","391901"
"2025-11-18","2058215","1883656","1236579","1870262","894271","626537","368350","312704","416515"
"2025-11-19","2205387","1828601","1254623","1780019","961364","572390","388437","286689","429068"
"2025-11-20","2222578","2092442","1202942","1865136","959513","568015","417680","248807","440726"
"2025-11-21","2375609","2160305","1360525","2281652","903794","695100","461467","270256","415268"
"2025-11-22","2455063","1861543","1665815","2460227","1040557","591805","443245","265592","432080"
"2025-11-23","2604624","1891459","1606342","2175404","1066423","561295","441133","276359","427745"
"2025-11-24","2251570","1954997","1336232","1937025","897187","600237","378280","262625","507967"
"2025-11-25","2242925","1791878","1303400","2001461","922750","599598","382137","264446","534769"
"2025-11-26","2279999","1892412","1433152","1923941","851726","653626","403452","255640","549641"
"2025-11-27","2262958","2055203","1356373","2012819","859062","537113","347942","236366","601727"
"2025-11-28","2348484","2079475","1533491","2244403","843102","637951","457502","237590","564752"
"2025-11-29","2435166","1924927","1836891","2151338","962890","639093","380249","254928","509383"
"2025-11-30","2548209","1847139","1776129","2068558","895830","645609","326947","271298","544193"
"2025-12-01","2281502","1727463","1353779","1927066","775979","614112","345480","247380","459874"
"2025-12-02","2123691","1809606","1343111","1959156","869205","658271","352059","205993","405107"
"2025-12-03","2258593","1851687","1418701","2101983","864192","644591","393069","273921","429473"
"2025-12-04","2310374","2081027","1415035","2080968","899009","705936","363590","295971","462371"
"2025-12-05","2420823","2161052","1641687","2175744","926800","741737","402323","334342","497442"
"2025-12-06","2593626","1858929","1850827","2264074","967763","700891","346337","291313","572966"
"2025-12-07","2565230","1827326","1802634","2269945","1006428","712809","377245","329227","501822"
"2025-12-08","2416095","1921609","1508259","2057747","990647","700331","366454","338441","483969"
"2025-12-09","2329439","1881531","1481560","2034025","890779","670252","313382","372050","409081"
"2025-12-10","2409236","1916914","1478666","2102825","864787","624171","462202","371467","410715"
"2025-12-11","2350601","1978120","1405304","2126657","809457","691228","459208","388405","383270"
"2025-12-12","2344949","1958647","1646715","2185779","904944","671570","463330","474521","409388"
"2025-12-13","2590850","1842868","1819627","2260528","999610","786274","426706","471166","543133"
"2025-12-14","2415792","1925109","1707590","2243499","983337","764669","449492","366330","754174"
"2025-12-15","2343477","1817066","1540526","2084705","878016","691311","407413","308645","712357"
"2025-12-16","2310467","1763304","1435875","2110540","933331","742819","417453","277031","644768"
"2025-12-17","2323227","1924492","1388289","2075384","947782","775929","465466","351961","626802"
"2025-12-18","2542041","1905870","1453155","2140565","902356","731595","385324","336058","676708"
"2025-12-19","2632303","2039828","1556008","2201509","939734","722865","450906","322236","691972"
"2025-12-20","2732324","1897871","1715934","2344258","1004186","827457","398354","333544","709615"
"2025-12-21","2806546","1729418","1760445","2135730","1052174","836402","345201","369033","653940"
"2025-12-22","2754225","1735832","1380314","2031602","945480","819491","367951","322766","596852"
"2025-12-23","2788293","1791115","1447803","2023951","1068519","789392","323470","309387","528390"
"2025-12-24","2824571","1800081","1408926","1957010","1005258","787589","348187","289737","601001"
"2025-12-25","3083295","1843959","1484487","2050774","995174","869237","376601","290091","713251"
"2025-12-26","2655933","1992139","1665428","2008926","1063586","869642","408332","333304","416646"
"2025-12-27","2979310","1879748","1860652","1948674","1100000","857948","370198","405093","574362"
"2025-12-28","2885679","1826701","1809874","2002943","1170685","835413","370867","352557","654214"
"2025-12-29","2721898","1835534","1772088","2074974","1045165","873003","403046","312682","624417"
"2025-12-30","2855186","1860503","1782360","2057155","1113983","873083","368031","311281","592824"
"2025-12-31","2956461","1914598","2090662","2078008","1131861","907734","384191","372861","574924"
"2026-01-01","2770920","2070802","2130778","2099772","1138494","887110","396602","452616","513773"
"2026-01-02","2813753","1969727","2095550","2185217","1144578","778592","392643","500483","585687"
"2026-01-03","2942353","1708317","2267095","2052739","1147589","784416","345641","479013","632953"
"2026-01-04","2702359","1793699","2136395","2133908","1113195","853439","399360","377538","551155"
"2026-01-05","2625679","1942914","1821309","2053745","1010104","758736","400122","297435","536462"
"2026-01-06","2517703","1936357","1826751","2049735","1015594","757391","388558","282957","500044"
"2026-01-07","2696768","2181164","1950337","2106515","1023253","704159","349555","342474","404532"
"2026-01-08","2548454","1984925","2080171","2249038","1034323","761787","415214","341573","359508"
"2026-01-09","2818171","2127854","2264064","2210199","1105539","759729","408541","338216","373049"
"2026-01-10","2992941","1808686","2438950","2207238","1033710","752620","389987","416095","423878"
"2026-01-11","2986340","1927511","2567410","2102151","1102055","787026","385938","509650","460061"
"2026-01-12","2420392","1933049","2444634","2136049","989067","810925","358399","311740","449205"
"2026-01-13","2802978","1965722","2580628","2051079","1007475","809409","345741","340107","429483"
"2026-01-14","2656943","2121000","2689254","2192463","1005085","808300","396139","297546","410764"
"2026-01-15","2608229","2412886","2485615","2166201","962932","911264","438951","291377","418142"
"2026-01-16","2822591","2673877","2774226","2183548","1023708","867426","413575","370287","411297"
"2026-01-17","2920395","2549763","2724258","2302327","1093474","822651","432045","485594","452901"
"2026-01-18","2765283","2615740","2799447","2199143","988069","900043","387343","360012","567354"
"2026-01-19","2721273","2616968","2846080","2042245","904441","711784","341420","437846","598849"
"2026-01-20","2614162","2663915","2905264","1998682","1021134","759174","391820","433710","647560"
"2026-01-21","2616874","2624166","2984490","2053495","932373","830054","357075","299977","571961"
"2026-01-22","2705813","3008444","3039718","2050726","970154","849182","369349","301123","480864"
"2026-01-23","2796236","3173350","3200342","2312936","1026929","902942","460854","322202","497419"
"2026-01-24","2825797","3095641","3062811","2243504","1067656","873497","342776","360236","466153"
"2026-01-25","2693660","2978931","3135857","2205080","1050478","789876","328220","399832","469999"
"2026-01-26","2400885","2960597","3133847","2103783","979964","748027","424577","313373","479416"
"2026-01-27","2745252","3111796","3215613","2258140","1040727","822021","282739","234155","484072"
"2026-01-28","2567276","2908165","3140058","2105089","1043371","708123","312270","243108","483802"
"2026-01-29","2533174","3085281","3280092","2079329","1000438","670428","296419","266687","491411"
"2026-01-30","2797458","3167240","3176403","2221351","1021987","671388","400342","339037","518951"
"2026-01-31","2926358","2969273","3273429","2233936","1162958","792302","337750","439961","514556"
"2026-02-01","2948238","2943760","3021791","2119807","1020954","686088","337153","485777","593027"
"2026-02-02","2735531","3087904","2638585","1900814","945335","702350","368610","231441","647399"
"2026-02-03","2831238","2965894","2616492","1982246","926729","840893","339966","247698","541336"
"2026-02-04","2776023","2917553","2450749","2010324","995951","743467","402561","320519","482247"
"2026-02-05","3080707","3253198","2635913","1941180","1032227","761236","415750","314434","479452"
"2026-02-06","2908413","3189397","2904838","2018957","1032089","854870","496448","275602","540333"
"2026-02-07","2839445","2791001","3155067","2058874","1115948","786490","467151","586916","569568"
"2026-02-08","3068134","2684223","3162443","2081691","1095879","801561","439540","424141","602862"
"2026-02-09","2600464","2608838","2745812","1957006","1046189","876663","398911","324089","528868"
"2026-02-10","2641456","2682613","2722355","1897627","985073","830273","437046","356232","551387"
"2026-02-11","2397620","2593434","2703282","2050501","1040502","774263","446489","436580","473774"
"2026-02-12","2488040","2746492","2830814","2069558","1055608","833439","439760","422168","446669"
"2026-02-13","2761957","3047727","2943747","2159240","1076460","792567","473184","365560","391595"
"2026-02-14","2891135","2775238","3269718","2169207","1041801","827591","414112","452916","414554"
"2026-02-15","2880013","2694576","3049714","2160843","1136245","856105","382890","465320","552496"
"2026-02-16","2551169","2565487","2718761","2076368","1153681","852963","421414","462132","506184"
"2026-02-17","2869219","2633980","2670639","2054176","1079302","830087","415325","438523","355824"
"2026-02-18","2800593","2781483","2830657","1998015","977987","786736","464799","393173","324238"
"2026-02-19","3155757","3165397","3002021","1952107","963922","929452","475004","515223","350833"
"2026-02-20","3350515","3305538","3288750","2133331","1012754","848795","475997","387245","400628"
"2026-02-21","3469263","3285337","3517216","2180050","1022027","993380","507713","359814","452082"
"2026-02-22","3385028","3171236","3467586","2150955","1082078","896812","502232","354523","420583"
"2026-02-23","3052510","2935660","3028730","1974578","1061285","920183","444405","245926","388022"
"2026-02-24","3300124","2970719","2965578","1865957","1034585","1050858","558448","313855","391570"
"2026-02-25","3324136","3010601","2994869","1826536","1045392","901534","526335","309029","354412"
"2026-02-26","3382777","3144731","2900568","1711933","1020272","885554","484580","386562","349555"
"2026-02-27","3299879","3145367","3155546","1839120","1015464","1023751","519669","395472","362112"
"2026-02-28","3348208","2924374","3382982","1871491","1078938","960939","407068","434536","356115"
"2026-03-01","3278251","2931438","3299086","1809120","950722","950005","415745","372588","390908"
"2026-03-02","3237499","3041396","2876282","1710658","939802","1033888","432389","290554","396494"
"2026-03-03","3320350","3071384","2928282","1707928","1037811","899797","523243","290918","383984"
"2026-03-04","3161925","3093725","2852296","1669523","1022541","1060732","529939","329837","403568"
"2026-03-05","3321880","3246784","2784708","1676219","979231","1067654","551888","345176","391631"
"2026-03-06","3279428","3463275","3050839","1791038","1030580","1085565","484144","340412","408735"
"2026-03-07","3572216","3150997","3302213","1765090","1104889","1052234","462871","396748","404325"
"2026-03-08","3307241","3201530","3052548","1931273","1118926","1140824","489627","416281","451490"
"2026-03-09","3358119","3286784","2731139","1765262","1123102","1140384","431307","386390","432317"
"2026-03-10","3257572","3106465","2822970","1740397","999256","1224409","438630","346248","403478"
"2026-03-11","3435014","3211679","2945115","1749736","1161344","1147819","478345","379632","355942"
"2026-03-12","3534924","3322958","3025027","1963734","1081231","1270955","480090","579337","370585"
"2026-03-13","3492394","3657121","3257130","2154451","1051117","1161493","498004","395947","415692"
"2026-03-14","3563699","3236673","3360640","2104055","1105788","1096512","551332","428701","468640"
"2026-03-15","3668167","3270606","3460377","2059813","1085275","1161391","501510","441851","485590"
"2026-03-16","3345818","3284423","3240391","1843457","993202","1180632","511268","500946","506927"
"2026-03-17","3408797","3269912","3124659","1792231","1003506","1156744","464633","335370","486204"
"2026-03-18","3521029","3374583","3084470","1828516","1019268","1146197","504266","394423","422749"
"2026-03-19","3551859","3751723","3179228","1791247","1095845","1153253","558370","340234","387116"
"2026-03-20","3673018","3925661","3430051","1808043","1116356","1303162","464519","348730","382545"
"2026-03-21","3477786","3831236","3088966","1826508","1081767","1146107","544934","363785","481891"
"2026-03-22","3596518","3688725","2898644","1676187","1014740","1228538","476400","372692","466131"
"2026-03-23","3100947","3381952","2406875","1645261","1018931","1114574","516913","368796","492475"
"2026-03-24","2965989","3263432","2418007","1589026","1019878","1135397","531821","307896","440881"
"2026-03-25","2987603","3489208","2417320","1566472","1034414","1074169","519691","285550","450790"
"2026-03-26","2878102","3521326","2346373","1638956","940045","1120822","474574","321830","363678"
"2026-03-27","3138076","3662685","2525214","1645039","996816","1038099","495927","359621","356128"
"2026-03-28","2883891","3104285","2711325","1823580","1079603","1119875","414926","454772","476564"
"2026-03-29","3132102","3057387","2637032","1610430","960748","1149433","447542","466853","506075"
"2026-03-30","2798936","2986274","2261374","1539239","904759","992482","462491","336627","446022"
"2026-03-31","2698560","3224141","2231227","1490153","850104","1084964","414552","272336","428486"
"2026-04-01","2763404","3165619","2335843","1528439","942510","1055860","476539","269830","431451"
"2026-04-02","2637024","3564500","2289877","1540223","902944","1121896","410987","269761","450247"
"2026-04-03","2821782","3452653","2584063","1654250","941032","1150143","460255","365185","365247"
"2026-04-04","2808291","2998692","2697434","1676082","1113793","1175705","429673","383107","361178"
"2026-04-05","2765235","2881552","2519618","1582079","990030","1053018","474644","298646","393215"
"2026-04-06","2723031","2780391","2246278","1557471","953378","1081075","470135","275278","463970"
"2026-04-07","2730469","2912614","2210032","1493364","1046554","1040413","478494","245268","459624"
"2026-04-08","2688629","3028605","2482819","1567147","1010541","1140696","477723","218861","405473"
"2026-04-09","2834587","3189253","2342421","1472431","1031697","1046349","563449","223958","363300"
"2026-04-10","2760873","3299753","2608158","1528801","965822","1032518","545709","237945","369356"
"2026-04-11","2881242","3082223","2713110","1601903","994911","1027699","443759","256153","381500"
"2026-04-12","2797124","3061220","2622504","1664652","934903","987135","490238","281888","411603"
"2026-04-13","2607136","3161534","2309421","1486285","978533","994837","484262","254706","442777"
"2026-04-14","2464794","2791364","2162080","1495807","942028","996715","458256","227984","467024"
"2026-04-15","2656115","2835436","2394631","1430183","891150","974809","438974","202719","493023"
"2026-04-16","2654808","2975839","2420544","1407795","885988","967881","545127","205632","416018"
"2026-04-17","2999405","3052888","2296484","1522117","916164","946624","476393","231640","409515"
"2026-04-18","2871879","2744377","2237844","1450103","883409","957063","489837","263932","363401"
"2026-04-19","3076867","2683262","2091527","1339589","786786","896103","473092","313556","415003"
"2026-04-20","2648804","2761533","1731576","1290037","834626","891653","452427","329641","420273"
"2026-04-21","2704729","2831982","1841431","1306704","866496","883414","458368","364837","438828"
"2026-04-22","2723376","2690872","1914004","1247426","889501","796916","526690","345456","445072"
"2026-04-23","2643516","2896259","1991475","1362154","833559","849691","517876","291291","490397"
"2026-04-24","2748528","3139754","1902647","1465561","954750","807164","560542","330542","481872"
"2026-04-25","2957104","2872371","1951690","1554017","901923","897012","549388","444940","472185"
"2026-04-26","2728412","2653401","1878041","1522976","960542","901480","389204","456586","456240"
"2026-04-27","2574936","2770808","1625622","1434239","917767","749357","454892","364043","492915"
"2026-04-28","2667505","2656025","1726406","1536152","881365","854660","450141","347732","531723"
"2026-04-29","2525508","2778472","1659381","1426727","979631","804531","502430","408434","516854"
"2026-04-30","2691735","2800739","1762799","1358819","919089","880175","526783","522899","510124"
